:020000040800F2
:10000000689A0020ED0300083D3F0008BB3D000852
:10001000393F0008B323000889560008000000009B
:100020000000000000000000000000002D03000898
:10003000E32400080000000089030008014E0008C6
:100040000704000807040008070400080704000864
:100050000704000807040008070400080704000854
:100060000704000807040008070400080704000844
:100070000704000807040008070400080704000834
:100080000704000807040008070400080000000037
:10009000000000000000000000000000070400084D
:1000A000DD4E0008070400080704000807040008E4
:1000B00007040008070400080704000807040008F4
:1000C00007040008070400080704000807040008E4
:1000D000070400084D56000807040008000000004F
:1000E00007040008070400080704000800000000D7
:1000F00000000000000000000000000007040008ED
:1001000000000000070400080704000807040008B6
:1001100000000000000000000000000000000000DF
:100120000704000807040008B923000807040008B2
:1001300007040008000000000000000000000000AC
:10014000000000000000000000000000070400089C
:100150000704000807040008C92300080704000872
:100160000704000807040008000000000000000069
:10017000000000000000000000000000000000007F
:10018000000000000704000800000000000000005C
:10019000070400080704000800F002F800F0B6F8B1
:1001A0000AA090E8000C82448344AAF10107DA45D2
:1001B00001D100F0ABF8AFF2090EBAE80F0013F06E
:1001C000010F18BFFB1A43F00103184768BC000079
:1001D00088BC00000A444FF0000C10F8013B13F0FB
:1001E000070408BF10F8014B1D1108BF10F8015B90
:1001F000641E05D010F8016B641E01F8016BF9D183
:1002000013F0080F1EBF10F8014BAD1C0C1B09D1D9
:100210006D1E58BF01F801CBFAD505E014F8016B4B
:1002200001F8016B6D1EF9D59142D6D370470000DD
:100230000023002400250026103A28BF78C1FBD8EF
:10024000520728BF30C148BF0B6070476E2900F0CD
:10025000E285702900F0B98266290BF016836529C2
:100260000BF0138367290BF0108361290BF00F83C8
:1002700003681B0A28BF41F08001692900F02A8227
:10028000642900F02782752900F024826F2900F08C
:10029000D086782900F08582E92900F06B86E42970
:1002A00000F06886F52900F06586EF2900F0CD861C
:1002B000F82900F084820368DB0928BF41F080013F
:1002C000632900F0EC85732900F0F185E32901F042
:1002D000F382F32901F0F882002070471FB50BF07C
:1002E000CFFA9DE8030000F0F5FC01F047FB0400A5
:1002F000002000210BF0AEFA401C606000200021BD
:100300000BF092FAE0601FBD10B510BD01F008FBC4
:100310001146FFF7E3FF06F07FFF01F0E5FB03B4B2
:10032000FFF7F2FF03BC01F015FC00002C4B19682D
:100330000868B0E8F04F80F30988BFF36F8F4FF083
:10034000000080F311887047000000000848006832
:10035000006880F308884FF0000080F3148862B6CC
:1003600061B6BFF34F8FBFF36F8F00DF00BF00BFD9
:1003700008ED00E0DFF80C00016841F47001016055
:10038000704700BF88ED00E0EFF30980BFF36F8F87
:10039000134B1A681EF0100F08BF20ED108A20E9D9
:1003A000F04F106009B44FF0500080F31188BFF394
:1003B0004F8FBFF36F8F09F0DFFF4FF0000080F326
:1003C000118809BC19680868B0E8F04F1EF0100FDA
:1003D00008BFB0EC108A80F30988BFF36F8F7047B5
:1003E0000C010020EFF305807047000009488047AA
:1003F00009480047FEE7FEE7FEE7FEE7FEE7FEE707
:10040000FEE7FEE7FEE7FEE704480549054A064B1E
:1004100070470000C94E0008990100086884002058
:10042000689A0020688A0020688A002070B5064615
:1004300000F034FC056806F10B0020F00704B4421C
:100440009CBF002070BD2B466A68BAB11068A042FC
:1004500010D304F1080188423CBF5068586007D3AC
:100460005168101941601168091B016058601460DF
:10047000101D70BD13465268002AE7D12146284658
:1004800000F014FC0028DED170BD70B50446051FD5
:1004900000F004FC0068002C14BF446870BD002C00
:1004A00018BFAC423CBF20466468F8D301680A1804
:1004B000AA4218BF456003D12A680546114401606D
:1004C00028684119A1421CBF6C6070BD61686960F9
:1004D00021680844286070BD53EA020C00F069806E
:1004E0002DE9F04B4FF00006002B1FBFB3FA83F548
:1004F00003FA05F424FA05F65E4012BF1643B2FA79
:1005000082F502FA05F4C5F120051EBF22FA05FCAA
:1005100044EA0C04203556EA044C4FEA144418BF50
:10052000641C4FF000084FF00009904271EB030C7F
:1005300039D3002919BFB1FA81F701FA07F6B0FAE9
:1005400080F700FA07F6C7F120071EBF20FA07FC64
:1005500046EA0C062037B6FBF4FCA7EB0507103F74
:1005600007F01F0BCBF120060CFA0BFB2CFA06F65A
:1005700044BFB3460026202FA4BF5E464FF0000BB9
:100580005BEA060C08BF4FF0010B19EB0B09ABFB44
:10059000027C48EB0608C01B06FB02CC0BFB03CC1D
:1005A00071EB0C01C1E70B46024641464846BDE8E7
:1005B000F08B13B54FF000004FF00001AFF3008057
:1005C000BDE81C40704700007CB51D4616460C0077
:1005D000009001D02044401E074B7B442A466946C8
:1005E0000190304600F031FC05461CB10020694600
:1005F00000F03EFC28467CBD9D0800000FB47CB591
:100600000C0009AA009001D02044401E084B7B44F6
:1006100069460190089800F018FC05461CB10020BE
:10062000694600F025FC28467CBC5DF814FB000000
:100630006908000070B5044685690068C10601D5E7
:10064000302600E02026C00707D070BDD4E9012184
:1006500030469047206A401C20626D1EF6D570BD62
:1006600070B5044685690078C00707D170BDD4E92C
:10067000012120209047206A401C20626D1EF6D583
:1006800070BD70B50C460546012A05D02878800655
:1006900000D5EA69002302E0012305E05B1C9342D8
:1006A00002D2E05C0028F9D1A869E618C01AA86156
:1006B000286A184428622846FFF7BCFF04E0D5E901
:1006C000012114F8010B9047B442F8D32846FFF7F4
:1006D000C7FF70BD2DE9F04106460024106875295A
:1006E000314616A510D000F02BFB002802DA40425C
:1006F00013A507E031688A0701D512A502E0490772
:1007000004D511A5012401E000F023FB00210A22F9
:1007100006F1240709E0B0FBF2FCB0FBF2F302FBA8
:100720001C00303078541846491C0028F3D1234669
:100730002A463046BDE8F04100F014BB000000003E
:100740002D0000002B00000020000000F0B40D463A
:100750000188090502D5214C7C4402E01F4C7C44F1
:100760000E34002100F1240608E002F00F07120900
:10077000E75D42EA03721B097754491C52EA0307FA
:10078000F3D102780023120704D5702D06D009B1E9
:10079000022311342246F0BC00F0E4BA01231034E5
:1007A000F8E770B504460D462146106800F0D1FA0E
:1007B000024629462046BDE870400023C6E7D21D08
:1007C00022F00703D3E90023C0E70368126843F06F
:1007D000200303600823C3610023B7E7FBB40000D4
:1007E0002DE9F05F894604464FF0000ADFF874B146
:1007F000FB44C0F820A02046E1688847002874D058
:10080000252806D0D4E901219047206A401C2062A7
:10081000F1E700265F462046E16888472028054624
:1008200007DB312D05D2781910F8200C08B10643EA
:10083000F1E7B00701D526F00406C4F81CA0002794
:10084000C4F818A02A2D09D0284605F0AAF938B313
:1008500004EB8708303DC8F8185019E059F8041B1C
:10086000204604EB87029161E1688847012F054625
:1008700018D1E069002820DA26F020061DE0D8F81B
:10088000180000EB800005EB40003038C8F8180075
:100890002046E1688847054605F083F90028EED137
:1008A000012F0AD02E2D08D12046E16888477F1CF1
:1008B0000546022F46F02006C4DBA069002803DAB3
:1008C000404246F00106A061F00701D026F0100674
:1008D0006C2D0BD0682D09D04C2D39D06A2D35D018
:1008E000742D35D07A2D33D016E038E0E1682F46EC
:1008F00020468847B842054609D16C2F26D04FF4D0
:100900008060E168064320468847054604E06C2F76
:100910001AD04FF4807006430DB3A5F14100192899
:1009200002D8203546F400664A462946204626600D
:100930004E46FFF78BFC80B101280BD0F61D26F048
:10094000070000F1080956E74020E4E78020D8E7D7
:100950000020D6E706F104094DE7284652E7206A51
:10096000BDE8F09F8BB4000030B505460B462A4623
:1009700013F8014B12F8010B08B1A042F8D01CB1DA
:10098000002802D06D1CF1E7284630BD40EA010383
:1009900010B59B070FD1042A0DD310C808C9121F28
:1009A0009C42F8D020BA19BA884201D9012010BD62
:1009B0004FF0FF3010BD1AB1D30703D0521C07E02F
:1009C000002010BD10F8013B11F8014B1B1B07D193
:1009D00010F8013B11F8014B1B1B01D1921EF1D104
:1009E000184610BD40EA0103024630B59B0710D1FE
:1009F0004FF0013400E008C208C91D1B9D4315EAF1
:100A0000C41FF8D013F0FF0102F8011B0DD01B0A20
:100A1000F8E711F8013B002B02F8013B05D011F873
:100A2000013B002B02F8013BF3D130BD10B5431C54
:100A300002E010F8011B71B18107FAD14FF00132C9
:100A400002C88C1A8C4314EAC211F9D0C01A0A06E3
:100A500003D0C01E10BDC01A10BD0A0401D0801EF4
:100A600010BD0902FCD0401E10BDCBB22AB10178E6
:100A70008B4203D0401C521EF9D10020704740EA3F
:100A8000010370B59B072ED14FF00136042A2AD3FB
:100A900008C810C99D1B9D43121F15EAC61517D023
:100AA000D8B2E1B2401A50EA056110D198B2A1B2B1
:100AB000401A50EA05410AD123F07F4024F07F41DB
:100AC000401A50EA052102D1180EA0EB146070BD47
:100AD000A342DBD018BA21BA884201D9012070BDE7
:100AE0004FF0FF3070BD0AB9002070BD10F8013B17
:100AF00011F8014B63B1A3420AD1521E08D010F87D
:100B0000013B11F8014B1BB1A34201D1521EEDD1A3
:100B1000181B70BD032A40F2308010F0030C00F067
:100B2000158011F8013BBCF1020F624498BF11F827
:100B300001CB00F8013B38BF11F8013BA2F10402E0
:100B400098BF00F801CB38BF00F8013B11F0030358
:100B500000F08682083AC0F0088051F8043B083A59
:100B600051F804CBA0E80810F5E7121D5CBF51F85E
:100B7000043B40F8043BAFF30080D20724BF11F8D8
:100B8000013B11F801CB48BF11F8012B24BF00F83D
:100B9000013B00F801CB48BF00F8012B704702F081
:100BA000FF0343EA032242EA024200F002B84FF098
:100BB00000020429C0F0128010F0030C00F01B802A
:100BC000CCF1040CBCF1020F18BF00F8012BA8BF38
:100BD00020F8022BA1EB0C0100F00DB85FEAC17CFC
:100BE00024BF00F8012B00F8012B48BF00F8012BAF
:100BF00070474FF0000200B51346944696462039E0
:100C000022BFA0E80C50A0E80C50B1F12001BFF4C5
:100C1000F7AF090728BFA0E80C5048BF0CC05DF82B
:100C200004EB890028BF40F8042B08BF704748BF79
:100C300020F8022B11F0804F18BF00F8012B7047ED
:100C400010B5044610F0030F08BF11F0030F40F079
:100C500015804FF0013E121FC0F20E8051F8043B88
:100C6000A3EB0E0C2CEA030C1CEACE1C08BF40F8C8
:100C7000043BF0D0A1F1040102F10402521E08DB92
:100C800011F8013B002B00F8013BF7D11146FFF7AB
:100C90008EFF204610BD7047704770470048704770
:100CA0000C840020704770477047704738B5044681
:100CB0000A4600206946AFF30080002808BF38BD0F
:100CC00002460099204600F001FA012038BD0120BB
:100CD00000F01EBEF8B5AFF30080054600200C46BC
:100CE000102000BF0646A819A0420DD93246694619
:100CF0000020AFF30080070008BF00F009FE009855
:100D0000A04218BF0546C419FFF7C8FF0560074693
:100D1000F01D20F007004619284600F00AF8B442FA
:100D200008BFF8BDA21B31463868BDE8F84000F0A6
:100D3000CDB900210160C0E9011070471020704753
:100D400009684A0501D540B27047C905FCD500B213
:100D5000704709684A0501D5C0B27047C905FCD57E
:100D600080B270472DE9F0470D46994692460446F9
:100D700000F124080168880604D5E06921F010011B
:100D8000216000E00120A84201DD471B00E00027B0
:100D9000A1697A1902EB0900081AA0612078C0063F
:100DA00002D42046FFF746FC002608E0D4E90121E2
:100DB0001AF806009047206A401C761C20624E45B7
:100DC000F4DB2078C0060AD52046FFF733FC06E0A6
:100DD000D4E9012130209047206A401C2062381E4F
:100DE000A7F10107F4DC07E0D4E9012118F80500B8
:100DF0009047206A401C2062281EA5F10105F3DC03
:100E00002046FFF72DFC2078000602D50220BDE821
:100E1000F0870120FBE711680268006A530501D5DD
:100E200008700AE0D30501D5088006E0130603D553
:100E3000C217C1E9000200E008600120704700000D
:100E400001694A1C02610878704700B58FB0CDE98E
:100E500001310021059105497944CDE9031011467E
:100E60006846FFF7BDFC0FB000BD0000E5FFFFFFC7
:100E70000A6802F8010B0A607047D1E900239A4220
:100E800002D2531C0B601070704710B5436913B148
:100E9000AFF3008001E0FFF7F4FB012010BD1278F2
:100EA00000F124010A7000224A700122EDE7116866
:100EB0004FF0FF32E9E700002DE9FF5F15468A4653
:100EC0000446DFF8AC80F8440027D8E900103E461D
:100ED000CDE9001010E03AF816106A4602A800F0BA
:100EE000F7FC411C07D02178890603D5E26939183F
:100EF00091420DD80744761C2078800602D5E0691F
:100F0000B84205DDAE42E6DB3AF816000028E2D131
:100F1000A069C01BA0612046FFF78CFBD8E9001038
:100F2000CDE90010002017E03AF818106A4602A830
:100F300000F0CEFCB0F1FF3F81460BD000250DF153
:100F4000080B05E0D4E901211BF8050090476D1C52
:100F50004D45F7D308F10100B0428046E4DB206A3A
:100F6000384420622046FFF77BFBBDE8FF9F00006E
:100F7000C6AD00002DE9F0418046D21D22F00702E7
:100F80000025D2E90002F52915A614D0011E72F140
:100F9000000106DA0023D0EB030063EB020211A686
:100FA00008E0D8F800108B0701D50FA602E049072A
:100FB00001D50EA601251146002408F1240704E0FE
:100FC00000F09EF830323A55641C50EA0102F7D125
:100FD0002B46324621464046BDE8F041FFF7C2BEEF
:100FE000000000002D0000002B0000002000000089
:100FF00030B4002100F1240408E002F00705D20813
:10100000303542EA4372DB086554491C52EA030555
:10101000F3D10468002310A2250707D5A40600D445
:1010200021B1C46901230DA2641EC46130BCFFF765
:1010300099BE10B5044621461068FFF78AFE0246A5
:101040002046BDE810400023D2E7D21D22F0070160
:10105000D1E90023CCE700000000000030000000D0
:1010600010B5203AC0F00B80B1E81850203AA0E843
:101070001850B1E81850A0E81850BFF4F5AF5FEA77
:10108000027C24BFB1E81850A0E8185044BF18C92A
:1010900018C0BDE810405FEA827C24BF51F8043BD1
:1010A00040F8043B08BF7047D20728BF31F8023B25
:1010B00048BF11F8012B28BF20F8023B48BF00F8B9
:1010C000012B7047004870470484002003464068A5
:1010D0008C46002818BF88423CBF03464068F8D3BE
:1010E00018681844884207D00CF1030020F007006C
:1010F000001D411A521A0146081D0A60FFF7C5B9C2
:1011000030B5B0F10A024FEA900E71F100034EEAD9
:10111000817EB0EB0E0061EB91014FEA101E4EEAAA
:10112000017E10EB0E0041EB11114FEA102E4EEA3A
:10113000016E10EB0E0041EB11214FEA104E4EEA0A
:10114000014E10EB0E0041EB1141401841F100013E
:101150004FEAD00040EA41704FEAD10110EB800520
:101160004FEA810444EA907444EB01046D1944EBA6
:101170000404521BA3414FF0000348BF0A3200D5BC
:1011800030BD401C41F1000130BD70472DE9FF4FDB
:101190000C461E464FF0FF378BB0D2E90001DDF858
:1011A00060800A908A46C1F30A5505B93D46002180
:1011B00008464FF00000BAF1000F00F4400005DAD5
:1011C00000EB80004FF4400101EA50004FEA9059D3
:1011D000B9F1010F00DDB9460A9850EA4A000ED075
:1011E00044F61050A5F2FF3545432F14B8F1000F17
:1011F0001ED07542291E1EDDC9F100021CE0B8F1A7
:10120000010F4FF0000001D0302103E0F24305E070
:101210002154401CB042FBDB304600220021215407
:101220000B99C1F80880C1E900200FB0BDE8F08F2C
:10123000BD1B6D1CDEE74A4600DA694206A800F0D5
:10124000E1FB06AB93E8070003AB83E807005046D9
:101250000A9900F0E6FC8DE80700A0F500501F3861
:1012600000900398002D0ADD42F21F014A4608440F
:10127000002303A90390684600F04FFF09E0A0F5A2
:1012800000504A461F38002303A90390684600F027
:1012900059FF8DE807000004000C03D04FF0FF3029
:1012A000410800E01046B8F1000F03D00022009280
:1012B00015461EE0751E05D4FFF722FF3032625539
:1012C0006D1EF9D5B3460122084302D000227F1CCF
:1012D00004E02078302801D100227F1E002A0997DF
:1012E00084D01DE0112D07DAFFF70AFF3032625576
:1012F0006D1C50EA0102F5D1084302D00098C8B134
:101300000EE00021681E05E0235C625C63542254F9
:10131000401E491C8142F7DBAB46A81B401E0990CA
:10132000002004F80B000B98099AC0F80880C0E967
:10133000002B7AE711264FF0000857E72DE9F04F10
:1013400088460446D21D22F0070191B0D1E9000180
:10135000CDE90A0104F0E7FB02460B98C00F01D06B
:101360002D2007E02068810701D52B2002E02021F5
:1013700001EAC000032A099001D0072A05DB0346D1
:101380004146204600F0FEFA0BE12078800601D5A8
:10139000E06900E00620B8F1650F814606D0B8F19B
:1013A000660F18D0B8F1670F70D131E00020B9F1A5
:1013B000110F009001DB112301E009F101030AAADA
:1013C00001A90CA8FFF7E2FEDDE90C70002609F187
:1013D0000105834647E001204B4600904FF000474F
:1013E0000AAA01A90CA8FFF7D1FEDDE90DB00C99FE
:1013F0005D46002610B909F101000D18B9EB050092
:1014000003D4C0F1FF3609F10105A5EB09002BE07B
:10141000B9F1010F01DA4FF001090020B9F1110F04
:101420000090484601DD112300E003460AAA01A905
:101430000CA8FFF7ABFEDDE90C704D460026834695
:10144000207800070AD4AB4500DA5D4601A8012DDB
:1014500004DD411911F8011C302907D04F4502DA8B
:1014600017F1040F04DA012082460FE06D1EEEE74B
:10147000002F02DCED1B3E4403E0781CA84200DD97
:101480007D1CB81B00F1010A4FF0004720780007CF
:1014900003D4AA4501DB4FF0FF3A0021B7F1004F1A
:1014A0000DF143088DF8431024D002202B23002F88
:1014B00001DA7F422D230A21021EA0F1010000DC87
:1014C0005FB197FBF1FC97FBF1F201FB1C7C174627
:1014D0000CF1300C08F801CDEEE7A8F10100037023
:1014E0002188090501D5452100E06521A0F1010809
:1014F00000F8011C09980FA9A1EB0807FF1D00B116
:101500000120411901EBEA70A1693844081A401E14
:10151000A0612078C00602D42046FFF78BF8099816
:1015200028B1D4E901219047206A401C206220782C
:10153000C00622D52046FFF77DF81EE0002E04DB12
:10154000B34502DD01A8805D00E03020D4E901212F
:101550009047206A401C2062761CAAF101005FEAD5
:10156000000A0AD100F00AFAC0680168405CD4E9B8
:1015700001219047206A401C2062281EA5F1010528
:10158000DCDC07E0D4E9012118F8010B9047206A60
:10159000401C2062381EA7F10107F3DC2046FFF74C
:1015A0005FF8032011B041E62DE9F04F04460D46E7
:1015B000D21D22F0070089B0D0E90097484639468D
:1015C00004F0B1FA0246F80F01D02D2307E020689D
:1015D000810701D52B2302E0202101EAC0038DF809
:1015E00020300BB1012000E00020032A824601D008
:1015F000072A04DB2946204600F0C4F93FE12078A1
:10160000800601D40D2500E0E569C7F30A560D2DCB
:1016100049DA00214FEA175B08464FF00000002F1F
:1016200000F4400007DA00EB80004FF4400100EBCB
:10163000D07001EA60008115012901DD4FF0FF3112
:1016400000224FEA850CBCF1180F06D31346ACF10B
:1016500018004FF08052C24003E04FF4801323FA89
:101660000CF30CF10C0CBCF1200F04D3ACF1200CEA
:1016700009FA0CF001E007FA0CF000294FF00048DD
:1016800001DD18B90FE00ED140450CD319EB02096A
:101690005F4121B9404502D19F4329EA0209BBEBD2
:1016A000175F00D0761C2088000502D57B4878445F
:1016B00002E07A487844193808AA302302F80A3040
:1016C000037C0AF10101002E0AF1020A53546A4612
:1016D00002DC4FF0300101E04FF031014FF0010822
:1016E0008DF8001002D0A6F2FF3603E059EA470158
:1016F00000D06B4E002D02DC2178090704D54FF095
:1017000002082E218DF80110C44600210BE0C7F31A
:1017100003433F01C35C491C6D1E02F808300529D4
:1017200008F1010801DA002DF1DC00210CE000EBEA
:101730001973491C1B786D1E082902F808304FEAFE
:10174000091908F1010801DA002DF0DC21688B0687
:1017500002D516E0A8F10108E04505DD02EB08031B
:1017600013F8013C302BF5D0B8F1000F09DD02EB86
:10177000080313F8013C2E2B03D1090701D4A8F16B
:101780000108002D05DD3E2102F808106D1E08F14C
:101790000108407C002E02F8080008F1010804DA74
:1017A0002D20764202F8080002E02B2002F8080003
:1017B0000A214FF47A70864208F101080BDB96FB90
:1017C000F0F3303302F8083096FBF0F308F101082B
:1017D00000FB136601E0642E0CDB642096FBF0F343
:1017E000303302F8083096FBF0F308F1010800FBF3
:1017F000136601E00A2E06DB96FBF1F0303002F8AA
:10180000080008F1010896FBF1F001FB1060303090
:1018100002F80800A16908F1010808EB050202EBD3
:101820000A00081AA0612078C00602D42046FEF7FC
:1018300001FF216A08AE01EB0A00206204E0D4E94E
:10184000012116F8010B9047BAF1010AF7D220786E
:10185000C00602D52046FEF7EDFE6E4609E016F8FA
:10186000010B3E280FD0D4E901219047206A401C8B
:101870002062B8F10108F2D22046FEF7F1FE09B06D
:101880000320BDE8F08F206A2844206203E0D4E9F9
:101890000121302090476D1EEBD3F8E7F9A5000039
:1018A00002FCFFFF10B5436913B1AFF3008001E004
:1018B000FFF702FB012010BD128800F12401828491
:1018C0000022C2840122EDE711684FF0FF32E9E700
:1018D00070B516460C46054600F048F8036893F8C4
:1018E0000101012806D0FF2C0FD8185D68B1012036
:1018F0002C7070BDD3F807013246214603F207135E
:1019000003442846BDE8704018474FF0FF3070BDD3
:1019100010B500F0F7F8BDE8104000F0EEB87047E1
:101920007546FFF7CFFBAE4605006946534620F0EB
:101930000700854618B020B5FEF766FDBDE82040DB
:101940004FF000064FF000074FF000084FF0000B7B
:1019500021F00701AC46ACE8C009ACE8C009ACE82E
:10196000C009ACE8C0098D467047000010B500F012
:1019700005F8001D10BD00BFDD9E00000048704747
:10198000248400202DE9F0411F4604460326016807
:10199000072A01F4006004DB08B116A505E016A5CE
:1019A00003E008B115A500E015A521F010002060A6
:1019B000A069C01EA0610FB1401EA0612046FEF7C5
:1019C00039FE4FB1D4E9012138469047206A401CC6
:1019D0002062C01C206206E0206AFAE7D4E90121F7
:1019E00015F8010B9047761EF8D22046FEF738FE18
:1019F000BDE8F0814E414E006E616E00494E4600DA
:101A0000696E66002DE9F047814616468AB0354872
:101A100078440DC88DE80D0032487844801C03AC32
:101A20000DC884E80D0041F69B300844372190FB37
:101A3000F1F290FBF1F5A5F1800501FB12041B3CCE
:101A400002D56442012000E00020DFF898A0804623
:101A50000027FA44AAF1BE0A0EE0E0070AD0324697
:101A6000684607EB470101230AEB810100F06AFB9E
:101A70008DE8070064107F1C002CEED1194F7F44C5
:101A8000AE3F19E0E80715D007EB04100DF1180A76
:101A900090E80E008AE80E00C068F04201D1981963
:101AA00008903246012306A903A800F04BFB03ABC4
:101AB00083E807006D10641C002DE3D14FF0010393
:101AC00032466946B8F1000F03A802D000F025FBAA
:101AD00001E000F037FBC9E90001C9F808200AB0AD
:101AE000BDE8F08728A3000010B50446AFF30080DE
:101AF0002046BDE81040FEF712BC002801D000F0DF
:101B000029B8704710B5012805D0002103A000F0C6
:101B100027F8012010BD09A1F8E7000053494752FA
:101B2000544D454D3A204F7574206F6620686561AD
:101B300070206D656D6F7279000000003A20486575
:101B40006170206D656D6F727920636F7272757050
:101B50007465640001491820ABBEFEE72600020050
:101B600070B505460C460A2000E06D1C00F052F8E6
:101B700035B128780028F8D102E0641C00F04AF85A
:101B800014B120780028F8D1BDE870400A2000F098
:101B900041B800004FF0013C50F8042B51F8043BD1
:101BA0009A4221D1A2EB0C03934313EACC1317D131
:101BB00050F8042B51F8043B9A4215D1A2EB0C03C8
:101BC000934313EACC130BD150F8042B51F8043B88
:101BD0009A4209D1A2EB0C03934313EACC13DBD056
:101BE0004FF00000704700BFD01A01BAB1FA81F17E
:101BF00001F0180122FA01F0CB40C1F12001DBB263
:101C0000C0B2C01A2CFA01F3D11A914311EAC311E0
:101C1000E6D1704708B569468DF800000320ABBED9
:101C200008BD5FEA400C08BF91F0000F4FEA8C231B
:101C30004FEAC12243EA51514FEA1C5018BF00F548
:101C4000F0404FEA300018BF41F000415FEA6C5CA1
:101C500000F02980BCF1FF3F08BF40F08040704792
:101C6000130C06BF12044FF0100C4FF0000C130EB3
:101C700004BF12020CF1080C130F04BF12010CF187
:101C8000040C930F04BF92000CF1020CD30F04BF9D
:101C900052000CF1010C11464FF00002A0F11F00A0
:101CA000A0EB0C00704711F0004F08BF704731F0F7
:101CB00000413FF4D5AF0B0C06BF09044FF0100CE8
:101CC0004FF0000C0B0E04BF09020CF1080C0B0FB7
:101CD00004BF09010CF1040C8B0F04BF89000CF147
:101CE000020CCB0F04BF49000CF1010CCCF1200316
:101CF000A0EB0C0022FA03F302FA0CF241EA030112
:101D000000F10100704720F07F4C80EA030023F0CF
:101D10007F47ACEB070303F57C5300F0004003F171
:101D2000FF032DE980494FEA154B09B44FEA1443EC
:101D300025EA0B4E24EA03480FF2042606EB13278C
:101D400049083E785FEA320203FB0667C7F50007E1
:101D500007FB06F64FEA54374FEAD64606F102066D
:101D600007FB066CCCF1005C4FEA1C472CEA074CE1
:101D700007FB06F40CFB06F504EB15464FEA961636
:101D800034BF00204FF000404FEAD13706FB07FC7C
:101D90004FEA1C4C0CFB0BF7D21B03FB0CF761EB5F
:101DA00007010CFB0EF7B0EB074072EB17420CFB80
:101DB00008F734BFA2EB0742B2EB074261EB1741D1
:101DC0004FEA0C444FEA910706FB07FC4FEA1C4C14
:101DD0000CFB0BF7B0EBC74072EB573203FB0CF771
:101DE00034BFA2EBC742B2EBC74261EB57310CFBE9
:101DF0000EF7B0EBC70072EB57720CFB08F734BF5D
:101E0000A2EBC702B2EBC70261EB5771039F4FEA27
:101E1000816141EA921104EBCC044FEAD1374FEAD9
:101E2000826206FB07FC42EA90124FEA80604FEAAA
:101E30001C4C0CFB0BF7D21B03FB0CF761EB0701EF
:101E40000CFB0EF7B0EB074072EB17420CFB08F7E8
:101E500034BFA2EB0742B2EB074261EB17414FEAF6
:101E60008C554FEA910704EB9C2406FB07FC4FEAD4
:101E70001C4C0CFB0BF7B0EBC74072EB573203FB6B
:101E80000CF734BFA2EBC742B2EBC74261EB57314C
:101E90000CFB0EF7B0EBC70072EB57720CFB08F7A8
:101EA00034BFA2EBC702B2EBC70261EB577115EB6F
:101EB0004C254FEA816141EA92114FEA82624FEA72
:101EC000D13742EA901206FB07FC44F100044FEAC6
:101ED00080604FEA1C4C0CFB0BF7D21B03FB0CF78A
:101EE00061EB07010CFB0EF7B0EB074072EB1742FA
:101EF0000CFB08F734BFA2EB0742B2EB074261EBE1
:101F0000174115EB1C154FEA813141EA92414FEA26
:101F1000823242EA90424FEA80304FEA0C7644F136
:101F2000000448EA03434EEA0B484FF0000EB2EBC0
:101F3000080C71EB030724BF624639464EEB0E0EC8
:101F40004FF0000B0018524149414BEB0B0BB2EB29
:101F5000080C71EB03077BF1000B24BF6246394686
:101F60004EEB0E0E4FF0000B0018524149414BEB67
:101F70000B0BB2EB080C71EB03077BF1000B24BFDA
:101F8000624639464EEB0E0E51EA020718BF46F084
:101F9000010616EB0E7655F1000254F1000103D54F
:101FA000BDE88901BDE80088BDE88901BDE80048B9
:101FB000B619524141EB0101A3F101037047808042
:101FC0007F7E7D7C7B7A7978777676757473727193
:101FD00071706F6E6E6D6C6C6B6A6A69686867664B
:101FE00066656464636362616160605F5F5E5E5DDD
:101FF0005D5C5C5B5B5A5A59595858575756565551
:1020000055555454535352525251515050504F4FB2
:102010004F4E4E4D4D4D4C4C4C4B4B4B4A4A4A4902
:102020004949484848474747474646464545454445
:102030004444444343434342424242414141002BD2
:102040009C4630D477002BD01CB54FEA370703B439
:102050004FF010004FF01001BAF1000F06D0BCF1A4
:10206000000FDCBF40F0080040F008014FF0000016
:102070000FBCBDE810400BF1010BBBF1010F08BF15
:102080005FEA170722BF12F1010211F101014FF0BF
:10209000004143F1000300F0004043EA00007047B4
:1020A000F9D35708D0E746EA064613F1400F4FEA46
:1020B00016461FDD13F1200FDFBF16430A4600212D
:1020C00020335B42BED0C3F1200746EA064602FA3F
:1020D00007F74FEA164646EA0706C3F1200722FA39
:1020E00003F201FA07F721FA03F14FF0000342EA85
:1020F0000702A7E746EA020646EA06464FEA164600
:1021000046EA0106BCBF46EA0646360C4FF000031D
:102110004FF000024FF0000194E72DE9804C9A4601
:10212000934670B491E8380007C831EA400C48BFC4
:1021300034EA430C03D5FFF7E6FDFFF780FFF0BC60
:10214000BDE8008C2DE9804C9A46934670B491E826
:10215000380007C810F0804F08BF13F0804F03D13C
:1021600000F005F8FFF76BFFF0BCBDE8008C20F035
:102170007F4780EA030023F07F4C07EB0C03A3F5B5
:102180007C5300F00040A3F1FE0392F0000F00F03A
:10219000B38095F0000F00F077802DE901494FEAF8
:1021A00011404FEA144621EA004800FB06FC24EAED
:1021B000064708FB06F607FB08F800FB07F718EBD5
:1021C00006484CEB164C4FEA124B18EB07484FEA07
:1021D00015464CEB174022EA0B4E0BFB06FC25EA9A
:1021E00006470EFB06F607FB0EFE0BFB07F71EEB82
:1021F000064E4CEB164C4FF000061EEB074E4CEB18
:10220000174B18EB0B0840F1000018EB0E0B58EBC6
:10221000000840F100008F1A4FF000013CBFC94395
:10222000661B14BFB5EB040C00213CBFC943F61B71
:102230004FEA17444EEA8E0E27EA04454FEA1C4740
:1022400004FB07622CEA074C05FB07F70CFB05F6BD
:1022500004FB0CFC16EB074642EB174216EB0C4650
:1022600042EB1C421BEB060658EB0202414146EAD8
:102270009E0601D5BDE80189B619524141EB010125
:10228000A3F10103BDE801894FEA14454FEA114764
:1022900024EA054621EA074C05FB07F406FB07F78D
:1022A0000CFB06F105FB0CFC11EB074144EB17445A
:1022B0004FEA124711EB0C4144EB1C4422EA074C55
:1022C00005FB07F206FB07F70CFB06F605FB0CFC0B
:1022D00016EB074642EB174216EB0C4642EB1C4549
:1022E0006A1854F1000148BF7047B619524141EBDA
:1022F0000101A3F10103704795F0000F37D04FEAB9
:1023000011424FEA144721EA024624EA074C02FB35
:1023100007F106FB07F70CFB06F402FB0CFC14EBC1
:10232000074441EB17414FEA154714EB0C4441EBCE
:102330001C4125EA074C02FB07F506FB07F70CFBDF
:1023400006F602FB0CFC16EB074645EB174516EBB1
:102350000C4645EB1C42121951F1000148BF704771
:10236000B619524141EB0101A3F1010370474FEA55
:1023700014454FEA114724EA054621EA074C05FBBC
:1023800007F106FB07F70CFB06F24FF0000605FB12
:102390000CFC12EB074241EB174112EB0C4251EBE4
:1023A0001C4148BF7047921841EB0101A3F10103A2
:1023B000704700BFFEE7000010B5024800F01EF9AC
:1023C00010BD00008C04002010B5024800F016F982
:1023D00010BD0000EC0400200146087810381823D6
:1023E000B0FBF3F20848805CC865032A05D9086889
:1023F0006FF30900001D886503E008686FF30900AA
:102400008865886D7047000072BA00080146002098
:102410008A6A8B69CBB932B1012A0DD0022A03D066
:10242000032A10D10EE000BFCB6A03F08073B3F132
:10243000807F00D1012007E0CB6AB3F1C07F00D1DB
:10244000012001E000E000BF34E08B69B3F5005FDC
:102450001AD132B1012A07D0022A03D0032A11D19E
:102460000AE000BF01200EE0CB6A03F08073B3F1F5
:10247000807F00D1012006E0CB6AB3F1C07F00D19C
:10248000012000E000BF15E032B1012A05D0022A88
:1024900004D0032A0CD103E000BF00BF012008E0F4
:1024A000CB6A03F08073B3F1807F00D1012000E09C
:1024B00000BF00BF704730B50468246824F480244E
:1024C00005682C60046863608468402C04D104684B
:1024D000A2600468E16003E00468A1600468E2604F
:1024E00030BD704710B503F023FDFF21002004F03C
:1024F00043F80021012004F03FF80721022004F0F6
:102500003BF80021032004F037F8A721042004F051
:1025100033F8A721052004F02FF804F06FF910BD5F
:1025200072B600BFFEE770B50446A56D00F02AFB49
:10253000064694F83500022808D08020606500BF68
:10254000002084F8340000BF012070BD20680068BE
:1025500020F01600216808602068406920F08000A3
:1025600021684861206C08B9A06C28B12068006817
:1025700020F00800216808602068006820F0010051
:102580002168086010E000F0FDFA801B05280BD9D7
:1025900020206065032084F8350000BF002084F807
:1025A000340000BF0320D0E72068006800F001007D
:1025B0000028E8D194F85C103F208840A8600120F2
:1025C00084F8350000BF002084F8340000BF00BF4D
:1025D000BBE7014691F83500022803D0802048650A
:1025E00001207047052081F835000868006820F058
:1025F00001000A6810600020F3E70000F8B5044607
:10260000002000908C4800684FF41651B0FBF1F7A1
:10261000A56D2E6894F85C1008208840304098B171
:102620002068006800F0040070B12068006820F0A5
:1026300004002168086094F85C1008208840A860B5
:10264000606D40F00100606594F85C1001208840E6
:10265000304068B12068406900F0800040B194F8D3
:102660005C1001208840A860606D40F00200606549
:1026700094F85C1004208840304068B120680068FD
:1026800000F0020040B194F85C1004208840A8607B
:10269000606D40F00400606594F85C101020884084
:1026A000304078B32068006800F0080050B394F818
:1026B0005C1010208840A8602068006800F480202A
:1026C00080B12068006800F4002028B9206CC8B1EF
:1026D0002046216C884715E0A06C98B12046A16C7B
:1026E00088470FE02068006800F4807028B92068EF
:1026F000006820F0080021680860206C10B12046B6
:10270000216C884794F85C102020884030400028D5
:1027100065D02068006800F0100000285FD094F8B1
:102720005C1020208840A86094F83500052828D146
:102730002068006820F01600216808602068406961
:1027400020F0800021684861206C08B9A06C28B195
:102750002068006820F008002168086094F85C1088
:102760003F208840A860012084F8350000BF002089
:1027700084F8340000BF206D10B12046216D8847D9
:10278000F8BD2068006800F4802080B120680068EF
:1027900000F4002028B9606C10B12046616C8847B5
:1027A0001DE0E06BD8B12046E16B884717E0206858
:1027B000006800F4807068B92068006820F010009C
:1027C00021680860012084F8350000BF002084F8EB
:1027D000340000BFE06B10B12046E16B8847606DAC
:1027E00038B3606D00F00100F0B1052084F83500C9
:1027F0002068006820F001002168086000BF009890
:10280000401C0090B84200D905E02068006800F044
:1028100001000028F3D100BF012084F8350000BF7B
:10282000002084F8340000BFE06C10B12046E16C59
:10283000884700BFA4E70000080100202DE9F0410F
:102840000446002500F09EF9074614B90120BDE8B2
:10285000F081606A00B100BF022084F8350000BF3B
:10286000002084F8340000BF2068006820F00100D8
:10287000216808600AE000F085F9C01B052805D929
:1028800020206065032084F83500E0E720680068B8
:1028900000F001000028EED12068056821480540BD
:1028A000D4E901010843E1680843216908436169EB
:1028B0000843A1690843E1690843216A08430543C5
:1028C000606A042803D1D4E90B010843054320685A
:1028D00005602068456925F00705606A0543606A60
:1028E00004280DD1A06A0543E06A48B12046FFF7ED
:1028F0008DFD28B140206065012084F83500A6E7F1
:10290000206845612046FFF767FD064694F85C1095
:102910003F208840B06000206065012084F83500C9
:10292000002094E73F8010F02DE9F04704460D4663
:1029300016461F464FF00008D4F8589000BF94F890
:102940003400012802D10220BDE8F087012084F87C
:10295000340000BF94F83500012825D1022084F806
:102960003500002060653B46324629462046FFF789
:10297000A2FD94F85C103F208840C9F80800206848
:10298000006840F0160021680860206C28B12068BB
:10299000006840F00800216808602068006840F086
:1029A00001002168086006E000BF002084F83400C0
:1029B00000BF4FF002084046C6E70000F8B50246E7
:1029C0000B460025002400200021C7E0012606FA5E
:1029D00001F51E6806EA0504AC4274D11E7906F0C2
:1029E0000306012E04D01E7906F00306022E13D131
:1029F00090684F000326BE40B0434F00DE68BE40E3
:102A000030439060506801268E40B0431E79C6F373
:102A100000168E40304350601E7906F00306032EE8
:102A200009D0D0684F000326BE40B0434F009E68D7
:102A3000BE403043D0601E7906F00306022E13D14B
:102A4000CF0802F1200656F827004E07F70E0F2692
:102A5000BE40B0434F07FF0E1E69BE403043CF0853
:102A600002F1200646F8270010684F000326BE40FA
:102A7000B0431E7906F003064F00BE40304310609D
:102A80005E6806F44036002E67D000BF0026009630
:102A9000344E366846F48046324F3E603E463668D5
:102AA00006F48046009600BF00BF2F4E8F0856F8F0
:102AB00027008E07370F0F26BE40B0432B4EB24281
:102AC00002D1002615E048E0294EB24201D101268C
:102AD0000FE0284EB24201D102260AE0264EB24251
:102AE00001D1032605E0254EB24201D1042600E0C3
:102AF00007268F073F0FBE4030431B4E8F0846F816
:102B000027001F4E3068A0435E6806F4801606B1A9
:102B100020431B4E3060361D3068A0435E6806F4CB
:102B2000001606B12043164E361D3060144E361F77
:102B30003068A0435E6806F4003606B12043104EAC
:102B4000361F3060361F3068A0435E6806F480365A
:102B500006B120430A4E083E3060491C1029FFF49C
:102B600035AFF8BD4438024008380140000002404B
:102B70000004024000080240000C02400010024025
:102B8000083C01400148006870470000FC0000203C
:102B90000348006803490978084401490860704700
:102BA000FC0000200401002010B50D48006840F42E
:102BB00000700B4908600846006840F480600860B7
:102BC0000846006840F480700860032000F0D6F8E2
:102BD0000F2000F007F800F055F8002010BD0000AD
:102BE000003C0240F0B587B004460026002700BF35
:102BF000002000901E48006840F480301C490860A6
:102C00000846006800F48030009000BF00BF01A9B2
:102C100002A800F089F900F0BFF906461548B6FB96
:102C2000F0F0471E14481549086040F2E731134898
:102C3000C1604760002101618160816100F064FC36
:102C4000054695B90D4800F093FC05466DB918206E
:102C500000F042F8102C07D200222146182000F084
:102C60004FF80748046000E00125284607B0F0BD92
:102C70004438024040420F00004001408C070020D1
:102C80000001002008B500BF002000901148006836
:102C900040F480400F4908600846006800F4804016
:102CA000009000BF00BF00BF00200090081F006818
:102CB00040F08050091F08600846006800F080500E
:102CC000009000BF00BF00220F21901E00F018F8F6
:102CD00008BD0000443802400146084600280DDBCC
:102CE00000BF00BF00F01F0301229A4043099B0070
:102CF00003F1E023C3F8002100BF00BF00BF70470D
:102D00002DE9F05F80460D461646002702F024FFAD
:102D1000074639462A46334601F00700C0F1070A44
:102D2000BAF1040F02D94FF0040A01E0C0F1070A1A
:102D3000D14600F1040ABAF1070F02D24FF0000A9F
:102D400001E0A0F1030AD4464FF0010A0AFA09FA99
:102D5000AAF1010A0AEA020A0AFA0CFA4FF0010B78
:102D60000BFA0CFBABF1010B0BEA030B4AEA0B0469
:102D70002146404602F0F8FEBDE8F09F00BF00F09B
:102D80000702064B19684FF6FF031940044B0B432B
:102D900043EA0221014B196000BF70470CED00E0CF
:102DA0000000FA0570B504460D460CB9012070BD4F
:102DB0005848006800F00700A84209D255490D7034
:102DC0000846006800F00700A84201D00120EEE7A5
:102DD000207800F0020002281DD1207800F00400C5
:102DE000042805D14C48006840F4E0504A49086086
:102DF000207800F00800082805D14748006840F412
:102E00006040454908604448006820F0F000A1682F
:102E1000084341490860207800F00100A8B36068C9
:102E2000012807D13C4808380068C0F34040B8B9D1
:102E30000120BCE76068022802D06068032807D13F
:102E4000354808380068C0F3406048B90120AEE753
:102E5000314808380068C0F3400008B90120A6E7EF
:102E60002D48006820F00300616808432A49086083
:102E7000FFF788FE064609E0FFF784FE801B41F25B
:102E80008831884202D9032091E707E02248006890
:102E900000F00C006168B0EB810FEDD11D480068B7
:102EA00000F00700A84209D91A490D7008460068C9
:102EB00000F00700A84201D0012078E7207800F058
:102EC0000400042807D11448006820F4E050E168A9
:102ED000084311490860207800F00800082808D14C
:102EE0000D48006820F46040216940EAC1000A49A9
:102EF000086000F061F808490968C1F30311074A46
:102F0000515CC8400649086006480068FFF76AFE41
:102F100000204CE7003C0240083802407ABA000822
:102F200008010020000100200F2202600D4A1268F3
:102F300002F0030242600B4A126802F0F002826063
:102F4000084A126802F4E052C260064A126802F4AB
:102F50006042D2080261044A126802F007020A6065
:102F60007047000008380240003C024001480068F9
:102F7000704700000801002000B5FFF7F7FF044983
:102F80000968C1F38221034A515CC84000BD0000BA
:102F9000083802408ABA000800B5FFF7E7FF044985
:102FA0000968C1F34231034A515CC84000BD0000CA
:102FB000083802408ABA00082DE9F04700240025AD
:102FC0000026A1462548006800F00C0020B1042826
:102FD00005D008283AD105E0DFF8849039E0DFF821
:102FE000849036E01D48001F006800F03F041B4835
:102FF000001F006800F4800078B11A481749091FC3
:103000000968C1F38811A0FB017001462246002324
:103010003846FDF761FA05460EE011480F49091FD1
:103020000968C1F38811A0FB017001462246002304
:103030003846FDF751FA05460848001F0068C0F3FE
:103040000140401C4600B5FBF6F902E0DFF81090A5
:1030500000BF00BF4846BDE8F087000008380240C6
:103060000024F40040787D01F8B504460CB9012035
:10307000F8BD207800F00100002874D0F9480068FD
:1030800000F00C0004280DD0F648006800F00C0099
:10309000082813D1F348001F006800F48000B0F541
:1030A000800F0BD1EF4808380068C0F3404000287B
:1030B00059D06068002856D10120D9E700BF606868
:1030C000B0F5803F08D1E7480838006840F4803008
:1030D000E449083908601EE06068B0F5A02F0DD102
:1030E000E0480838006840F48020DE49083908606C
:1030F0000846006840F4803008600CE0D948083881
:10310000006820F48030D749083908600846006814
:1031100020F48020086000BF606890B1FFF732FDA6
:10312000054606E0FFF72EFD401B642801D9032069
:103130009EE7CC4808380068C0F340400028F1D032
:1031400011E0FFF71FFD054606E0FFF71BFD401BE2
:10315000642801D903208BE7C24808380068C0F30F
:1031600040400028F1D1207800F0020002285FD111
:10317000BC48006800F00C0058B1BA48006800F084
:103180000C0008281CD1B748001F006800F480001C
:10319000B0B9B44808380068C0F3400020B1E06816
:1031A000012801D0012063E7AE480838006820F00C
:1031B000F800216940EAC100AA490839086037E0EF
:1031C000E06800B30120A8490860FFF7DBFC054672
:1031D00006E0FFF7D7FC401B022801D9032047E790
:1031E000A04808380068C0F340000028F1D09D488E
:1031F0000838006820F0F800216940EAC1009949C8
:103200000839086014E0002097490860FFF7BAFC0D
:10321000054606E0FFF7B6FC401B022801D9032053
:1032200026E7904808380068C0F340000028F1D134
:10323000207800F0080008282CD16069A8B101208E
:103240008A490860FFF79EFC054606E0FFF79AFCF6
:10325000401B022801D903200AE782486C3000682D
:10326000C0F340000028F1D014E000207F4908603E
:10327000FFF788FC054606E0FFF784FC401B0228A8
:1032800001D90320F4E677486C300068C0F34000B1
:103290000028F1D1207800F00400042870D1002724
:1032A00070483830006800F0805090B900BF0020AE
:1032B00000906C483830006840F0805069493831DF
:1032C00008600846006800F08050009000BF00BF12
:1032D00001276748006800F48070B0B9644800684E
:1032E00040F4807062490860FFF74CFC054606E038
:1032F000FFF748FC401B022801D90320B8E65C48D0
:10330000006800F480700028F2D000BFA068012897
:1033100008D154486830006840F0010051496831D4
:1033200008601DE0A06805280DD14E48683000688F
:1033300040F004004B49683108600846006840F0DE
:10334000010008600CE047486830006820F0010088
:103350004449683108600846006820F004000860AD
:1033600000BFA068A8B1FFF70DFC054609E0FFF714
:1033700009FC401B41F28831884202D9032077E6DC
:1033800026E0384868300068C0F340000028EED0DE
:1033900013E0FFF7F7FB054608E0FFF7F3FB401BE0
:1033A00041F28831884201D9032061E62D48683016
:1033B0000068C0F340000028EFD1012F07D1294851
:1033C0003830006820F0805026493831086000BF4E
:1033D000A069002845D02348006800F00C000828A8
:1033E0005DD0A069022845D100201F490866FFF77B
:1033F000C9FB054606E0FFF7C5FB401B022801D9C3
:10340000032035E6174808380068C0F340600028FC
:10341000F1D1D4E907010843616A40EA8111012230
:10342000A06AC2EB500041EA00412C20005D41EA55
:1034300000600C49091F086001200B490866FFF76E
:10344000A1FB054606E0FFF79DFB401B022801D9C2
:1034500003200DE6034808380068C0F340600028E8
:10346000F1D049E00838024000004742800E474250
:1034700000700040002021490866FFF783FB0546E5
:1034800006E0FFF77FFB401B022801D90320EFE590
:103490001B480068C0F340600028F2D12CE0A0690E
:1034A000012800D1E4E51648001D0668A06901283E
:1034B00020D006F48001E06981421BD106F03F0173
:1034C000206A814216D147F6C0703040616AB0EB85
:1034D000811F0FD106F440310122A06AC2EB5000D7
:1034E000B1EB004F06D106F070612C20005DB1EB0E
:1034F000006F01D00120BBE50020B9E50000474284
:10350000003802407047704710B504460CB90120DE
:1035100010BD94F83D0028B9002084F83C002046F6
:1035200000F025F8022084F83D00211D206801F0FC
:10353000DDFC012084F8460000BF84F83E00012134
:103540003F200155402001554120015500BF00BFDB
:10355000012084F8420043200155442001554520B4
:10356000015500BF012084F83D000020D0E77047DE
:10357000014691F83D00012801D00120704702204A
:1035800081F83D000868C06840F001000B68D86011
:10359000164B0868984213D00868B0F1804F0FD0DE
:1035A000134B086898420BD0124B0868984207D01A
:1035B000114B0868984203D0104B086898420CD110
:1035C0000868806800F00702062A0CD008680068C6
:1035D00040F001000B68186005E00868006840F0E2
:1035E00001000B6818600020C8E7000000000140DF
:1035F0000004004000080040000C00400040014072
:10360000704770B504462068C5682068066906F0F2
:103610000200022819D105F00200022815D1401F2E
:1036200021680861012020772068806900F003008C
:1036300018B12046FFF7E4FF05E0204600F097F8B8
:10364000204600F095F80020207706F004000428BA
:1036500019D105F00400042815D1C0432168086180
:10366000022020772068806900F4407018B120465D
:10367000FFF7C6FF05E0204600F079F8204600F08D
:1036800077F80020207706F00800082819D105F007
:103690000800082815D1C04321680861042020775C
:1036A0002068C06900F0030018B12046FFF7A8FFAA
:1036B00005E0204600F05BF8204600F059F80020B5
:1036C000207706F01000102819D105F010001028FE
:1036D00015D1C04321680861082020772068C0699F
:1036E00000F4407018B12046FFF78AFF05E020463D
:1036F00000F03DF8204600F03BF80020207706F06F
:10370000010048B105F0010030B16FF001002168FF
:103710000861204600F02EF806F08000802809D1CC
:1037200005F08000802805D1C0432168086120464B
:10373000FFF7E8FE06F04000402809D105F0400000
:10374000402805D1C04321680861204600F01EF8DA
:1037500006F02000202809D105F02000202805D1FE
:10376000C043216808612046FFF7CDFE70BD704759
:103770007047000010B5044603492068884201D113
:10378000FFF706FA10BD000000400140704700003E
:1037900070B504460D46024803F0CCFE70BD000033
:1037A000DC010020704700002DE9F84F0446206836
:1037B00005682068C668206847694FF00009CA4656
:1037C00005F00F09B9F1000F0AD105F0200038B15A
:1037D00006F0200020B1204601F007FDBDE8F88F7B
:1037E000B9F1000F7CD007F0010018B906F4907011
:1037F000002875D005F0010030B106F4807018B1D2
:10380000606C40F00100606405F0040030B107F026
:10381000010018B1606C40F00200606405F0020025
:1038200030B107F0010018B1606C40F00400606432
:1038300005F0080048B106F0200010B907F00100BB
:1038400018B1606C40F008006064606C002846D0DD
:1038500005F0200028B106F0200010B1204601F04C
:10386000C4FC20684069C0F3801A606C00F0080056
:1038700010B9BAF1000F2DD0204601F05DFC206890
:10388000406900F04000402820D100BF00BF2168FF
:10389000143151E8001F21F040002168143141E843
:1038A0000002002AF3D100BFE06B50B17F48E16B0A
:1038B0000865E06BFEF78DFE88B1E06B016D88470F
:1038C0000DE02046FFF76EFF09E009E02046FFF714
:1038D00069FF04E02046FFF765FF002060647DE794
:1038E000206B012878D105F01000002874D006F074
:1038F00010000028FAD000BF002000902068006867
:10390000009020684068009000BF00BF20684069B8
:1039100000F04000402870D1E06B006840681FFA5A
:1039200080F8B8F1000F58D0A08D404555DDA4F8BF
:103930002E80E06BC069B0F5807F43D000BF00BF30
:1039400021680C3151E8001F21F4807021680C318E
:1039500041E80002002AF3D100BF00BF00BF216888
:10396000143151E8001F21F001002168143141E8B1
:103970000002002AF3D100BF00BF00BF216814314C
:1039800051E8001F21F040002168143141E8000295
:10399000002AF3D100BF202084F8420000202063D9
:1039A00000BF00BF21680C3151E8001F21F010005A
:1039B00021680C3141E80002002AF3D100BFE06B1E
:1039C000FEF7B1FD02206063A08DE28D801A81B206
:1039D0002046FFF7DDFE0EE052E0A08D40450AD103
:1039E000E06BC069B0F5807F05D102206063A18DD6
:1039F0002046FFF7CDFEF1E6FFE7A08DE18D401AEE
:103A00001FFA80F8E08DD0B3B8F1000F37D000BFB7
:103A100000BF21680C3151E8001F21F4907021682B
:103A20000C3141E80002002AF3D100BF00BF00BF03
:103A30002168143151E8001F21F001002168143180
:103A400041E80002002AF3D100BF202084F84200A0
:103A50000020206300BF00BF21680C3151E8001F27
:103A600021F0100021680C3141E80002002AF3D156
:103A700000BF0220606341462046FFF789FEADE6A5
:103A800005F0800030B106F0800018B1204601F04A
:103A9000ADFDA3E605F0400030B106F0400018B1DE
:103AA000204601F07FFB99E600BF97E6994F00089A
:103AB00010B504460CB9012010BDA06900B100E0AA
:103AC00000BF94F8410028B9002084F84000204647
:103AD00000F02AF8242084F841002068C06820F40F
:103AE00000502168C860204601F0FEFB2068006994
:103AF00020F49040216808612068406920F02A0085
:103B0000216848612068C06840F400502168C8609E
:103B100000206064202084F8410084F842000020E6
:103B2000606300BFC8E7000010B586B004461421EA
:103B300001A8FDF75EF85B492068884279D100BF93
:103B4000002000905848006840F010005649086076
:103B50000846006800F01000009000BF00BF00BFE2
:103B60000020009050481438006840F001004E4991
:103B7000143908600846006800F00100009000BF9A
:103B800000BF4FF4C060019002200290002003901B
:103B9000032004900720059001A94448FEF70EFF7A
:103BA0004348444908604FF00060486000214148A4
:103BB0008160C1604FF480610161002141618161D8
:103BC0004FF48071C161002101624162FEF736FE4F
:103BD00008B1FEF7A5FC00BF3648E063846300BF70
:103BE00033487830344908604FF000604860402125
:103BF000314881600021C1604FF480610161002182
:103C000041618161C16101624162FEF717FE08B145
:103C1000FEF786FC00BF2848A063846300BF002233
:103C200005212520FFF76CF82520FFF755F836E031
:103C3000FFE722492068884231D100BF0020009070
:103C40001948001F006840F400301749091F086038
:103C50000846006800F40030009000BF00BF00BFBD
:103C60000020009010481438006840F001000E4910
:103C7000143908600846006800F00100009000BF99
:103C800000BF0C200190022002900020039003202E
:103C900004900720059001A90448FEF78FFE06B0A6
:103CA00010BD0000001001404438024000000240F6
:103CB000406402408C040020EC04002000440040DA
:103CC00070B504460D46164694F8420020280BD1E4
:103CD00005B10EB9012070BD00202063324629468F
:103CE000204601F017FCF6E70220F4E710B5044681
:103CF000014803F01FFC10BDDC01002010B5044694
:103D0000014803F017FC10BDDC010020F7B50446A4
:103D1000154694F8410020283ED1019800B10DB914
:103D20000120FEBD01982062A584E5840020606426
:103D3000212084F841001948A16BC8631848A16B81
:103D400008641848A16BC8640020A16B086501AE27
:103D500023681A1D31682B46A06BFEF7E5FD30B1D4
:103D600010206064202084F841000120D9E76FF022
:103D700040002168086000BF00BF2168143151E88D
:103D8000001F41F080002168143141E80002002A40
:103D9000F3D100BF0020C4E70220C2E7D3500008DF
:103DA0002B510008AB4F000810B50446014805F040
:103DB0006FFB10BDEC030020704700BFFEE7000062
:103DC00008B500BF002000900E48006840F4800055
:103DD0000C4908600846006800F48000009000BFAD
:103DE00000BF002205213A20FEF78AFF3A20FEF7A5
:103DF00073FF002205214620FEF782FF4620FEF7D2
:103E00006BFF08BD3038024010B50C4A00210C4849
:103E100003F001FD0B4908600B4A00210B4803F039
:103E2000FAFC0B4A00210B4803F0F5FC0A4A00217A
:103E30000A4803F0F0FC0A49086010BD94B8000875
:103E4000054C000894000020B8B8000895910008BF
:103E5000DCB800082D92000800B90008E9920008BB
:103E60009800002008B500BF0020009015480068A9
:103E700040F00400134908600846006800F00400A0
:103E8000009000BF00BF00BF0020009008460068FF
:103E900040F0800008600846006800F08000009054
:103EA00000BF00BF00BF002000900846006840F03F
:103EB000010008600846006800F00100009000BFA3
:103EC00000BF08BD3038024010B50B480B490860F0
:103ED0004FF4E1304860002108488160C160016111
:103EE0000C21416100218161C161FFF7E1FD08B151
:103EF000FEF716FB10BD000000100140FC0300207F
:103F000010B50B480B4908604FF4E13048600021C0
:103F100008488160C16001610C214161002181611B
:103F2000C161FFF7C5FD08B1FEF7FAFA10BD000048
:103F3000004400404404002000BFFEE700BFFEE74D
:103F40002DE9F74F8346174600BF2248007808B98D
:103F500001F09CFB00BF0BEB4B011E48603000EBF7
:103F6000C106DDF804903569D6F80CA04FF00008C2
:103F7000554515D9B068441BBC4201D2204600E02B
:103F8000384604467068411922464846FCF7C2FD8F
:103F9000A044A1443F1B2544B068A84200D100259D
:103FA000AAEB0504BC4201D2204600E03846044694
:103FB0004CB17068411922464846FCF7ABFDA0445D
:103FC000A1443F1B2544B8F1000F00D035614046A5
:103FD000BDE8FE8F4C5B00202DE9F04104460D4604
:103FE000164600BF0D48007808B901F04FFB00BF2E
:103FF000EFF311800746202080F3118800BF00BF37
:1040000032462946204600F00BF88046F8B280F38D
:10401000118800BF00BF4046BDE8F0814C5B002026
:104020002DE9F047074688461646C24607EB47018A
:104030001B4800EBC109D9F8140020B1012811D0A8
:10404000022826D11EE0484601F073FB0546B54222
:1040500001D2002405E0344632465146484601F07C
:104060003CFD18E0484601F064FB0546B54201D22C
:10407000284600E03046044622465146484601F0B4
:104080002CFD08E032465146484601F0EDFC04465E
:1040900001E0002400BF00BF2046BDE8F08700001B
:1040A000645B00202DE9F84F82468B461546CDF81B
:1040B00000B00AEB4A011D4800EBC104D4F810908F
:1040C000E668B14529D8A068801B471EAF420BD3D4
:1040D00000BF616888192A460099FCF71BFD70191A
:1040E000E0600120BDE8F88F4F44AF421BD3A068C9
:1040F000A0EB06086168881942460099FCF70AFDA2
:10410000A5EB080535B1009A02EB08012A46606864
:10411000FCF700FDE5600120E4E7A9EB0600471E7F
:10412000AF4200D3D5E70020DCE70000645B00204D
:1041300070B5EFF311800646202080F3118800BF90
:1041400000BF284801F058FB05462C462046264A69
:10415000516805E0CAB242F0800200F8012BC9099B
:104160007F29F7D800F8011B044620461E4A9168B3
:1041700005E0CAB242F0800200F8012BC9097F298C
:10418000F7D800F8011B04462046174A116905E0DC
:10419000CAB242F0800200F8012BC9097F29F7D882
:1041A00000F8011B04462046002105E0CAB242F097
:1041B000800200F8012BC9097F29F7D800F8011BFC
:1041C000044618222146284601F01AFBF0B280F37B
:1041D000118800BF00BF0448406A10B10249486A14
:1041E000804770BDD0540020A854002070B5EFF374
:1041F00011800446202080F3118800BF00BF0748CB
:1042000001F0FAFA054611222946284601F0F8FA8B
:10421000E0B280F3118800BF00BF70BDD054002011
:104220002DE9F0410446EFF311800746202080F38A
:10423000118800BF00BF114801F0DEFA05462E4686
:104240000F480069241A3046214605E0CAB242F000
:10425000800200F8012BC9097F29F7D800F8011B5B
:10426000064608223146284601F0CAFAF8B280F321
:10427000118800BF00BFBDE8F0810000D0540020CD
:10428000A85400202DE9F0410446EFF311800746C1
:10429000202080F3118800BF00BF114801F0ACFA64
:1042A00005462E460F480069241A3046214605E08F
:1042B000CAB242F0800200F8012BC9097F29F7D861
:1042C00000F8011B064604223146284601F098FA00
:1042D000F8B280F3118800BF00BFBDE8F081000094
:1042E000D0540020A85400202DE9F0410446EFF3FB
:1042F00011800746202080F3118800BF00BF1148BD
:1043000001F07AFA05462E460F480069241A304615
:10431000214605E0CAB242F0800200F8012BC9092B
:104320007F29F7D800F8011B0646062231462846A9
:1043300001F066FAF8B280F3118800BF00BFBDE853
:10434000F0810000D0540020A854002070B50C4823
:10435000006A78B10A48006A006858B10849096AD9
:104360000868804704460D462A4621460D2000F085
:1043700039F804E0034841680C2000F005F870BDEE
:10438000A8540020001000E02DE9F04105460E463B
:10439000EFF311808046202080F3118800BF00BF1A
:1043A0000F4801F029FA044627463846314605E011
:1043B000CAB242F0800200F8012BC9097F29F7D860
:1043C00000F8011B07462A463946204601F018FA34
:1043D00008F0FF0080F3118800BF00BFBDE8F08146
:1043E000D05400202DE9F04706460F469046EFF3E3
:1043F00011808146202080F3118800BF00BF17483C
:1044000001F0FAF905462C462046394605E0CAB2C5
:1044100042F0800200F8012BC9097F29F7D800F883
:10442000011B04462046414605E0CAB242F0800224
:1044300000F8012BC9097F29F7D800F8011B0446B1
:1044400032462146284601F0DBF909F0FF0080F3EF
:10445000118800BF00BFBDE8F0870000D0540020E5
:104460002DE9F04706460F4690469946EFF3118036
:104470008246202080F3118800BF00BF1D4801F054
:10448000BBF905462C462046394605E0CAB242F043
:10449000800200F8012BC9097F29F7D800F8011B19
:1044A00004462046414605E0CAB242F0800200F8C8
:1044B000012BC9097F29F7D800F8011B04462046C3
:1044C000494605E0CAB242F0800200F8012BC90952
:1044D0007F29F7D800F8011B0446324621462846BA
:1044E00001F08EF90AF0FF0080F3118800BF00BFD1
:1044F000BDE8F087D05400202DE9F05F06460F4656
:1045000090469946DDF828A0EFF3118083462020DD
:1045100080F3118800BF00BF244801F06DF9054603
:104520002C462046394605E0CAB242F0800200F827
:10453000012BC9097F29F7D800F8011B0446204642
:10454000414605E0CAB242F0800200F8012BC909D9
:104550007F29F7D800F8011B04462046494605E0AC
:10456000CAB242F0800200F8012BC9097F29F7D8AE
:1045700000F8011B04462046514605E0CAB242F04D
:10458000800200F8012BC9097F29F7D800F8011B28
:10459000044632462146284601F032F90BF0FF006E
:1045A00080F3118800BF00BFBDE8F09FD054002009
:1045B00070B50446EFF311800546202080F3118882
:1045C00000BF00BF074801F017F9064622463146F2
:1045D000304601F015F9E8B280F3118800BF00BF42
:1045E00070BD0000D05400202DE9F0470646294850
:1045F000006800284CD027480468002703E024699D
:1046000004B902E07F1CB742F9D300BF002C3AD0B6
:10461000EFF311808146202080F3118800BF00BF96
:104620001D4801F0E9F8804645462846314605E038
:10463000CAB242F0800200F8012BC9097F29F7D8DD
:1046400000F8011B05462846A16805E0CAB242F001
:10465000800200F8012BC9097F29F7D800F8011B57
:10466000054680222846216801F048F805461622B2
:104670002946404601F0C4F809F0FF0080F3118894
:1046800000BF00BF00BF1CB1E06808B1E068804710
:10469000BDE8F0879C010020D054002010B50748E9
:1046A000006848B10548046800BFE06808B1E068E8
:1046B00080472469002CF8D110BD00009C01002027
:1046C00070B5EFF311800646202080F3118800BFFB
:1046D00000BF0F4801F090F80446254628460D4AD1
:1046E000117805E0CAB242F0800200F8012BC90936
:1046F0007F29F7D800F8011B05461B2229462046D2
:1047000001F07EF8F0B280F3118800BF00BF70BDE9
:10471000D0540020A00100202DE9F0410446EFF321
:1047200011800746202080F3118800BF00BF3B485E
:1047300001F062F8064635462846394B22681B6967
:10474000D11A05E0CAB242F0800200F8012BC90973
:104750007F29F7D800F8011B05462846A16805E027
:10476000CAB242F0800200F8012BC9097F29F7D8AC
:1047700000F8011B054620222846616800F0BEFFB4
:10478000054609222946304601F03AF835462846C2
:10479000234B22681B69D11A05E0CAB242F080029D
:1047A00000F8012BC9097F29F7D800F8011B05463D
:1047B0002846E16805E0CAB242F0800200F8012B09
:1047C000C9097F29F7D800F8011B05462846216949
:1047D00005E0CAB242F0800200F8012BC9097F2926
:1047E000F7D800F8011B05462846616905E0CAB202
:1047F00042F0800200F8012BC9097F29F7D800F8A0
:10480000011B054615222946304600F0F9FFF8B293
:1048100080F3118800BF00BFBDE8F081D0540020B4
:10482000A854002010B50648006A38B10448006A50
:10483000406818B10249096A4868804710BD000005
:10484000A8540020014602480069081A7047000079
:10485000A854002070B501203A490870EFF3118088
:104860000446202080F3118800BF00BF48780A2248
:104870003549FFF717FCE0B280F3118800BF00BF95
:104880000A20FFF795FEEFF311800646202080F303
:10489000118800BF00BF2D4800F0AEFF05462C4632
:1048A0002046284A516805E0CAB242F0800200F86A
:1048B000012BC9097F29F7D800F8011B04462046BF
:1048C000204A916805E0CAB242F0800200F8012B4C
:1048D000C9097F29F7D800F8011B04462046194A68
:1048E000116905E0CAB242F0800200F8012BC90943
:1048F0007F29F7D800F8011B04462046002105E077
:10490000CAB242F0800200F8012BC9097F29F7D80A
:1049100000F8011B044618222146284600F070FFCB
:10492000F0B280F3118800BF00BF0648406A10B1A2
:104930000449486A8047FFF709FDFFF773FFFFF757
:10494000BFFE70BDA854002038BB0008D054002022
:1049500070B5EFF311800546202080F3118800BF69
:1049600000BF0A4800F048FF04460948007838B103
:104970000B222146204600F043FF00200449087026
:10498000E8B280F3118800BF00BF70BDD054002092
:10499000A85400202DE9F0410546EFF311800646AA
:1049A000202080F3118800BF00BF194800F024FFC9
:1049B000074680222946384600F0A0FE04462046DD
:1049C000012105E0CAB242F0800200F8012BC909BA
:1049D0007F29F7D800F8011B04462046002105E096
:1049E000CAB242F0800200F8012BC9097F29F7D82A
:1049F00000F8011B04461A222146384600F000FF49
:104A0000F0B280F3118800BF00BFBDE8F081000064
:104A1000D05400202DE9F84305460C4616461F46A3
:104A2000DDF82080052221A12046FBF7AFFF08B961
:104A3000BDE8F8831F480068082803D31E48FFF725
:104A4000A9FFF5E71B48006800EB80001B4941F80F
:104A500020501848006800EB800001EB80004460A3
:104A60001448006800EB800001EB8000866011486C
:104A7000006800EB800001EB8000C7600D48006813
:104A800000EB800001EB8000C0F81080094800684E
:104A9000401C084908603B46324621462846CDF86E
:104AA000008000F095F800BFC2E7000049444C4583
:104AB00000000000A40100209CBD0008B4550020A7
:104AC00070B505464048006800B970BD002408E094
:104AD00004EB84003D4951F82000A84200D104E0D5
:104AE000641C394800688442F2D300BF364800682D
:104AF000401EA0420DD104EB8401344A02EB810038
:104B00001421FCF776F830480068401E2E490860F2
:104B100057E02D480068844253D22B480068401E5D
:104B200000EB8000294951F8200004EB8401274A5A
:104B300042F8210024480068401E00EB8000114626
:104B400001EB8000406804EB840102EB81014860C6
:104B50001D480068401E00EB8000114601EB8000FC
:104B6000806804EB840102EB8101886016480068CC
:104B7000401E00EB8000114601EB8000C06804EB92
:104B8000840102EB8101C8600F480068401E00EB01
:104B90008000114601EB8000006904EB840102EB08
:104BA0008101086108490968491E01EB810102EB96
:104BB00081001421FCF71DF803480068401E0249DB
:104BC000086000BF81E70000A4010020B455002068
:104BD0002DE9F04186B004460D4616461F46DDF825
:104BE000308018216846FCF704F80094019502967D
:104BF0000397CDF810806846FFF78EFD06B0BDE83C
:104C0000F08100000EB553A0EF21584B58A2CDE91A
:104C100000105DA1032001F0B3F95D495D4804F087
:104C20000FFD054655B15CA0F421504B50A2CDE9D3
:104C3000001055A1032001F0A3F977E05C4A07CAF0
:104C40008DE8070053480022694683689847594811
:104C5000029008208DF800004E48002269468368C3
:104C60009847554802900A208DF8000049480022D4
:104C7000694683689847514802900C208DF80000DF
:104C8000444800226946836898474D4802900B20AB
:104C90008DF800003F4800226946836898474948DC
:104CA00002900F208DF800003A4800226946836880
:104CB0009847454802900E208DF8000035480022A4
:104CC0006946836898474148029012208DF8000099
:104CD000304800226946836898473D480290132077
:104CE0008DF800002B4800226946836898473948B0
:104CF000029010208DF80000264800226946836843
:104D000098473548029011208DF800002148002274
:104D1000694683689847314802900D208DF800005D
:104D20001C48002269468368984700BF2C492D48DB
:104D300004F08EFD044654B12BA040F223110B4B1E
:104D40000BA2CDE9001010A1032001F019F902F027
:104D50005DFD000064656661756C74207461736B41
:104D600020626567696E0D0A0000000024B9000822
:104D70002E2E2F436F72652F5372632F66726565F7
:104D800072746F732E6300004E4F5F5441470000F2
:104D900028000020DC010020756172742070726FA1
:104DA000746F20696E7374206572726F72000000F8
:104DB00038B90008FD6A0008596B0008516C0008FA
:104DC000D56B0008C56D0008496D0008396F0008F3
:104DD000B56F0008416E0008BD6E0008CD6C00087C
:104DE00084000020EC030020756172742073656EEE
:104DF0006420696E7374206572726F720000000027
:104E000010B54FF0E020006906F02AFA012801D021
:104E100005F0C0FB10BD000000B593B0302107A81D
:104E2000FBF7E7FE142102A8FBF7E3FE00BF00201A
:104E300001902348006840F08050214908600846EE
:104E4000006800F08050019000BF00BF00BF00204C
:104E500001901C48006840F440401A490860084628
:104E6000006800F44040019000BF00BF012007909F
:104E70000004089002200D9041050E910C210F9125
:104E800060211091022111910421129107A8FEF7CF
:104E9000EBF808B1FDF744FB0F20029002200390CD
:104EA000002004904FF480500590002006900321CC
:104EB00002A8FDF777FF08B1FDF732FB13B000BD84
:104EC00040380240007000400348006840F4700021
:104ED000014908607047000088ED00E010B5024805
:104EE000FEF78FFB10BD00008C07002010B5026894
:104EF000224B98420BD0B0F1804F08D0204B984203
:104F000005D0204B984202D01F4B984203D122F08B
:104F100070024B681A43194B984214D0B0F1804F7D
:104F200011D0174B98420ED0164B98420BD0164B0F
:104F3000984208D0154B984205D0154B984202D0A4
:104F4000144B984203D122F44072CB681A4322F0EA
:104F500080034C6943EA04028B68C3620B68836276
:104F6000064B984201D10B690363036843F00403C5
:104F7000036001234361026010BD00000000014096
:104F80000004004000080040000C004000400140C8
:104F9000004401400048014070B50446A56B002064
:104FA000E8852846FEF7FEFB70BD70B50646002575
:104FB000B46B20684069C0F3C01594F84100212803
:104FC00005D125B10020E084204600F0FBF82068E0
:104FD0004069C0F3801594F84200222805D125B11C
:104FE0000020E085204600F0A7F8606C40F010003B
:104FF00060642046FEF7D6FB70BD70B50546AC6B0D
:105000002868006800F48070002842D1E08500BF65
:1050100000BF21680C3151E8001F21F48070216825
:105020000C3141E80002002AF3D100BF00BF00BFED
:105030002168143151E8001F21F00100216814316A
:1050400041E80002002AF3D100BF00BF00BF216881
:10505000143151E8001F21F040002168143141E86B
:105060000002002AF3D100BF202084F84200206B08
:1050700001280ED100BF00BF21680C3151E8001F8C
:1050800021F0100021680C3141E80002002AF3D120
:1050900000BF00206063206B012804D1A18D204651
:1050A000FEF776FB02E02046FEF720FE70BD70B5ED
:1050B0000546AC6B01206063206B012805D1A08DF3
:1050C00041082046FEF764FB02E02046FEF716FE8C
:1050D00070BD70B50546AC6B2868006800F4807040
:1050E000F8B90020E08400BF00BF2168143151E806
:1050F000001F21F080002168143141E80002002ADD
:10510000F3D100BF00BF00BF21680C3151E8001F80
:1051100041F0400021680C3141E80002002AF3D13F
:1051200002E02046FEF740FE70BD70B50446A56B58
:105130002846FEF741FE70BD00BF00BF02680C327A
:1051400052E8002F22F4907102680C3242E80013FA
:10515000002BF3D100BF00BF00BF0268143252E839
:10516000002F22F001010268143242E80013002BE4
:10517000F3D100BF016B01290ED100BF00BF02684F
:105180000C3252E8002F22F0100102680C3242E883
:105190000013002BF3D100BF202180F84210002122
:1051A0000163704710B504462068C06820F04000D5
:1051B0002168C860202084F841002046FEF7F4FDF5
:1051C000002010BD00BF00BF02680C3252E8002F63
:1051D00022F0C00102680C3242E80013002BF3D128
:1051E00000BF202180F841107047F8B50446002523
:1051F000002694F84200222873D1A068B0F5805FA1
:105200000BD1206948B9A66A20684068C0F308003D
:105210003080A06A801CA06214E0A56AA068B0F586
:10522000805F03D0A06828B9206918B92068406859
:10523000287004E02068406800F07F002870A06AB1
:10524000401CA062E08D401E80B2E085002846D15F
:105250002068C06820F020002168C8602068C0680D
:1052600020F480702168C8602068406920F0010047
:1052700021684861202084F8420000206063206B90
:10528000012826D10020206300BF00BF21680C3117
:1052900051E8001F21F0100021680C3141E80002A4
:1052A000002AF3D100BF2068006800F01000102829
:1052B0000AD100BF0020009020680068009020689C
:1052C0004068009000BF00BFA18D2046FEF760FA45
:1052D00002E02046FEF70AFD0020F8BD01E00020B4
:1052E000FBE70220F9E700002DE9F84F04462068AB
:1052F000006920F44050E168084321680861216991
:10530000A068084361690843E16908430090206888
:10531000C06849F20C618843009908432168C8605D
:105320002068406920F44070A16908432168486101
:1053300076492068884203D075492068884203D1A5
:10534000FDF72AFE814602E0FDF716FE8146E06980
:10535000B0F5004F6CD102206168A0FB01500346FC
:105360001920A9FB007001462A463846FBF7B4F81D
:105370006421B0FBF1F04FEA001A02206168A0FB43
:1053800001510B461920A9FB00712A463846FBF74C
:10539000A3F8834602206168A0FB01500346192050
:1053A000A9FB00712A463846FBF796F86421B0FB4A
:1053B000F1F000EBC00101EB0010ABEB80003221FB
:1053C00001EBC0006421B0FBF1F000F0F8000AEB43
:1053D000400A02206168A0FB015003461920A9FB86
:1053E000007001462A463846FBF776F883460220CD
:1053F0006168A0FB015003461920A9FB00712A46F1
:105400003846FBF769F86421B0FBF1F000EBC0010E
:1054100001EB0010ABEB8000322101EBC0006421F6
:10542000B0FBF1F000F007005044216888606AE0AA
:1054300004206168A0FB015003461920A9FB0070FD
:1054400001462A463846FBF747F882460420616841
:10545000A0FB015003461920A9FB007001462A4613
:105460003846FBF739F86421B0FBF1F000EBC001DE
:1054700001EB0010AAEB8000322101EB0010642147
:10548000B0FBF1F000F0F00A04206168A0FB0170AD
:1054900003461920A9FB00513A462846FBF71CF8A1
:1054A0006421B0FBF1F00AEB001A04206168A0FB54
:1054B00001510B461920A9FB00712A463846FBF71B
:1054C0000BF8834604206168A0FB015003461920B5
:1054D000A9FB007001462A463846FAF7FDFF642111
:1054E000B0FBF1F000EBC00101EB0010ABEB800072
:1054F000322101EB00106421B0FBF1F000F00F004D
:10550000504421688860BDE8F88F00000010014019
:105510000014014077B581B0044615460298A06298
:10552000A58500206064222084F842002C48E16BAD
:10553000C8632C48E16B08642B48E16BC864002009
:10554000E16B086502AE32682368191D2B46E06BDB
:10555000FDF7EAF938B110206064202084F8420099
:10556000012004B070BD00BF0020009020680068DA
:10557000009020684068009000BF00BF206970B1B3
:1055800000BF00BF21680C3151E8001F41F480705A
:1055900021680C3141E80002002AF3D100BF00BFAE
:1055A00000BF2168143151E8001F41F0010021685B
:1055B000143141E80002002AF3D100BF00BF00BF50
:1055C0002168143151E8001F41F040002168143176
:1055D00041E80002002AF3D100BF0020C1E700002B
:1055E000FB4F0008AF500008AB4F0008014691F890
:1055F0004100212828D18868B0F5805F0BD1086967
:1056000048B90A6A1088C0F308000B685860086A35
:10561000801C086205E00B6A581C086218780B6849
:105620005860C88C401E80B2C88458B90868C068E9
:1056300020F080000B68D8600868C06840F0400027
:105640000B68D860002070470220FCE708B50D48C1
:10565000FEF7AAF80B4800680068C0F3001078B1A4
:1056600000BF0020009007480068006800900548CF
:1056700000684068009000BF00BF024803F0F6FBDE
:1056800008BD0000FC03002000BFFEE710B5124C6F
:1056900003202061606111A0A0611349E1614FF412
:1056A000205121620021A1626162E1620BA02066AB
:1056B0000E4961661021A16600212167E1666167DC
:1056C0000BA1E01DFBF78EF90AA12046FBF78AF932
:1056D0002020A07110BD00004C5B00205465726D4D
:1056E000696E616C00000000F45B0020F483002010
:1056F00052545400534547474552000070B519B9FC
:10570000002500F8015B13E00C460346401C802A8C
:1057100000D9802203E011F8015B00F8015B151E3F
:10572000A2F1010202D00D78002DF4D10D1B1D70E5
:1057300070BD10B501460A69CB689A4204D88C68DE
:10574000641EE41AA01801E0D41A601E10BD000007
:1057500038B52849087E01226946FEF7F1FB044668
:10576000002C45D09DF8000005281ED008DC01283B
:105770000FD0022810D0032811D004282CD111E01A
:10578000062815D0072816D07F2824D0802823D1BA
:1057900014E0FFF75FF82AE0FFF7DAF827E0FEF7FA
:1057A000D5FD24E0FFF73EF821E0FEF7C1FC1EE046
:1057B000FEF786FF1BE0FEF771FF18E00D49087E3B
:1057C00001226946FEF7BCFB04461CB19DF80000AF
:1057D000FEF70AFF0BE00AE09DF80000802805DBD9
:1057E0000449087E01226946FEF7AAFB00BF00BFFC
:1057F00038BD0000A85400200146C81D70470000B5
:105800002DE9F04705460F461446724800780128F6
:1058100000D10FE06F48007800B9BCE06D48007817
:10582000022806D100F0DCF86A480078012800D090
:10583000B1E000BF202C06D26648C0690121A1401A
:10584000084000B1A7E0182C03D2681E054604707A
:1058500078E07E1B7F2E0BD9C6F3C711681E054664
:105860000170F0B240F08001681E0546017002E050
:10587000681E054606707F2C03D2681E054604701C
:1058800060E0B4F5804F0BD2C4F3C711681E054623
:105890000170E0B240F08001681E0546017051E0E1
:1058A000B4F5001F12D2C4F38731681E054601709B
:1058B000802040EAD410C1B2681E05460170E0B2F3
:1058C00040F08001681E054601703BE0B4F1805F46
:1058D00019D2C4F34751681E05460170802040EA82
:1058E0009430C1B2681E05460170802040EAD41091
:1058F000C1B2681E05460170E0B240F08001681E2A
:10590000054601701EE0210F681E054601708020CB
:1059100040EA5450C1B2681E05460170802040EA3A
:105920009430C1B2681E05460170802040EAD41050
:10593000C1B2681E05460170E0B240F08001681EE9
:10594000054601702448D0F804802248C068A8EBBE
:10595000000A3846514605E0CAB242F0800200F81B
:10596000012BC9097F29F7D800F8011B07467A1BCC
:10597000184948782946FEF795FB8146B9F1000F92
:1059800003D01448C0F80C8004E012480078401C92
:105990001049087000BF0F48007E00EB40010F481F
:1059A00000EBC100C1680B48007E00EB40020B48D1
:1059B00000EBC2000069081A0AD00648807838B99E
:1059C000012004498870FFF7C3FE00200149887058
:1059D000BDE8F087A8540020001000E0AC5B002078
:1059E000FEB501208DF800000DF1010630461C4A7D
:1059F000516905E0CAB242F0800200F8012BC909E2
:105A00007F29F7D800F8011B064616484468144859
:105A1000C068271A3046394605E0CAB242F0800213
:105A200000F8012BC9097F29F7D800F8011B0646A9
:105A30006946721A0A4948786946FEF733FB0546FB
:105A400035B10748C4600078401E0549087004E07D
:105A500003484069401C024948612846FEBD0000D9
:105A6000A8540020001000E02DE9F04704468946C4
:105A700017464FF0000AE56800BFD4F81080A8452B
:105A800003D9A8EB0500461E04E0A5EB0800401C66
:105A9000A1680E1AA068401BB04201D9304601E04F
:105AA000A068401B0646BE4201D2304600E03846A0
:105AB00006466168481932464946FBF72BF8B2445E
:105AC000B144BF1B3544A068A84200D10025E56061
:105AD000002FD2D15046BDE8F0872DE9F0470446AB
:105AE00089461546E668A068871BAF4208D96168F9
:105AF00088192A464946FBF70DF87019E06010E056
:105B0000B8466168881942464946FBF703F8A5EB99
:105B1000070809EB070142466068FAF7FBFFC4F883
:105B20000C80BDE8F08703B401984100009850EA6A
:105B3000C12018BF04204A0D18BF40F0010040F2F8
:105B4000FF72B2EB515F08BF40F00200012808BFAE
:105B5000052002B07047000002480068C0F3022030
:105B6000704700000CED00E010B5002804DB0A07C8
:105B7000130E054A135406E00A07140E034A00F0F8
:105B80000F031B1FD45410BD00E400E018ED00E02B
:105B9000EFF305807047EFF305807047EFF3058062
:105BA000704730380A2801D2012070470020704722
:105BB0003EB505462C4614B16068007850B946A041
:105BC000FE214B4B4BA2CDE9001055A1012000F066
:105BD000D7F93EBD7EE061680869216889684A6935
:105BE0004FF0FF31904761688868216889684A6C86
:105BF0004FF0FF319047204600F0B6F800B1E8E7DB
:105C000021688968486A80476168086921688968ED
:105C10004A69002190476068806943A140F20912F7
:105C2000334BCDE90021029032A23DA1032000F0C8
:105C3000A7F960688069002826D00120616881F892
:105C4000200000BF6168C869216889680A6B00216B
:105C5000904750B139A040F20D11254B25A2CDE956
:105C600000102FA1012000F08BF900BF63689B6931
:105C700099B223681B68186823685B689A68904724
:105C800000206168886110E031A040F21311184BC8
:105C900018A2CDE9001022A1012000F071F962687C
:105CA0005068226892681169884720688068816A14
:105CB0000020884700BF61684868216889684A6990
:105CC0004FF0FF3190476268906822689268116CCB
:105CD000884700BF7FE700006173792073656E64B9
:105CE00020746872656164206572726F720D0A00BB
:105CF000F6BA00082E2E5C4D6964646C657761729B
:105D000065735C756172745F73656E645C737263F6
:105D10005C756172745F73656E642E6300000000D1
:105D20004E4F5F54414700007772697465206F667B
:105D3000667365743D25640D0A00000054696D6545
:105D400072207374617274206661696C210D0A009F
:105D50004173796E632073656E64206C656E677441
:105D600068203D20300D0A001CB50446606890F89C
:105D70002000002825D014A08C21194B19A2CDE9B0
:105D8000001023A1012000F0FBF80020616881F8D9
:105D9000200062685068226892681169884700BFD5
:105DA00061684868216889684A694FF0FF31904707
:105DB0006268906822689268116C884700BF012071
:105DC0001CBD0020FCE70000756172742073656ED5
:105DD000642069732062757379210D0A0000000048
:105DE000D6BA00082E2E5C4D6964646C65776172CA
:105DF00065735C756172745F73656E645C73726306
:105E00005C756172745F73656E642E6300000000E0
:105E10004E4F5F544147000070B586B00546002DD7
:105E20001CD126480068002811D140F2E110244915
:105E300024A229A3CDE90310CDE9013200900B463D
:105E40002EA238A1002000F09BF800BFFEE740F230
:105E5000E1121B491BA0194B1B689847002405261B
:105E6000324890F8F00010B9304606B070BD00F02E
:105E700093FA00241BE004EB44112C483130084411
:105E800090F82000012810D104EB4412274831304B
:105E90001044411C1E222846FAF7F1FD28B904EBF4
:105EA000441122483130465C03E0601CC4B2052C2A
:105EB000E1DB00BF00F0A4FA3046D6E7D8010020AD
:105EC000E4BB000874616720213D202828766F69B3
:105ED00064202A293029000028257329206861734D
:105EE00020617373657274206661696C65642061FA
:105EF000742025733A256C642E0000002E2E5C3031
:105F0000345F44656275675F546F6F6C5C65617385
:105F1000796C6F676765725C7372635C656C6F67E1
:105F20002E630000656C6F6700000000545600206F
:105F300010B50024114890F8F000012801D1204646
:105F400010BD00F089FA04460CB12046F8E70120A4
:105F500000F036FA0020094981F8F30081F8F400D6
:105F6000012000F0DDFB052000F084FA00F0E6FAE5
:105F70000120024981F8F0002046E1E75456002054
:105F80000FB42DE9F04F8DB005460F469846DDF869
:105F900068903846FAF74AFD824600244FF0010B1C
:105FA00000200B900C900790089009900A90052D06
:105FB0001CDDCC480068002811D140F23F20CA49BE
:105FC000CAA2D1A3CDE90310CDE9013200900B465E
:105FD000D6A2E0A10020FFF7D3FF00BFFEE740F20A
:105FE0003F22C149C1A0BF4B1B689847DB4890F8CE
:105FF000F10020B90DB0BDE8F00F5DF814FBD748F3
:106000000078A84204DB3846FFF706FFA84200DA12
:10601000F0E7D249491C3846FAF7A6FC00B9E9E78F
:106020001CA8069000F0B8F9CC4890F8F50078B1BB
:10603000CB480119CBA2204600F02CFC0444CA48EE
:1060400050F82520C6480119204600F023FC0444DE
:106050000121284601F00EF840B1C44850F825202F
:10606000BF480119204600F015FC044402212846CF
:1060700001F000F8E8B1BA4801193A46204600F0AC
:1060800009FC0444BAF10F0F0CD8CAF10F01202209
:1060900007A8FAF784FDB248011907AA204600F0C4
:1060A000F9FB0444AE480119B1A2204600F0F2FB0E
:1060B00004441C21284600F0DDFF002852D0A848E7
:1060C0000119ACA2204600F0E5FB04440421284657
:1060D00000F0D0FFA8B100F0B7F90590A048011971
:1060E0002046059A00F0D6FB04441821284600F00B
:1060F000C1FF30B19A4801199DA2204600F0CAFBA9
:1061000004440821284600F0B5FFA8B100F08CF93E
:106110000590934801192046059A00F0BBFB044402
:106120001021284600F0A6FF30B18D48011990A239
:10613000204600F0AFFB04441021284600F09AFFEF
:1061400048B100F079F90590854801192046059A73
:1061500000F0A0FB04448248011987A2204600F009
:1061600099FB044420212846189A00F0EFFF60B9FB
:1061700042464021284600F0E9FF30B94A468021D6
:10618000284600F0F1FF002862D0754801197BA273
:10619000204600F07FFB044420212846189A00F096
:1061A000D5FF08B36E4801192046189A00F072FB1B
:1061B000044442464021284600F0C8FF38B16848F0
:1061C00001196FA2204600F065FB04440CE04A462A
:1061D0008021284600F0C8FF30B16148011964A24F
:1061E000204600F057FB04444A468021284600F030
:1061F000BBFFC8B14B4663A205210BA8FAF7FEF915
:10620000574801190BAA204600F044FB04444246BB
:106210004021284600F09AFF30B15148011954A29C
:10622000204600F037FB044442464021284600F057
:106230008DFF30B14A4801194246204600F02AFB42
:1062400004444748011950A2204600F023FB0444AF
:10625000C4F58061424A1019069B1B9AFAF7B4F9FB
:10626000064600200690A019B0F5806F03D8002ED6
:1062700001DB344401E04FF48064201D5844B0F544
:10628000806F04D94FF48064241FA4EB0B043348BF
:1062900090F8200058B10020314908552F4920318D
:1062A0002F48FAF761FB10B900F0AAF8A2E62B48D4
:1062B00090F8F50030B12A48011934A2204600F0C8
:1062C000E9FA04442648011932A2204600F0E2FA15
:1062D00004442146224800F0C1F800F091F800BFC4
:1062E00088E60000D8010020FCBB00086C657665DC
:1062F0006C203C3D20454C4F475F4C564C5F56450B
:1063000052424F53450000002825732920686173CD
:1063100020617373657274206661696C65642061C5
:10632000742025733A256C642E0000002E2E5C30FC
:10633000345F44656275675F546F6F6C5C65617351
:10634000796C6F676765725C7372635C656C6F67AD
:106350002E630000656C6F6700000000545600203B
:106360004C5700201B5B0000C0010020A80100204A
:10637000200000005B0000005D20000028000000FD
:106380003A000000256C6400290000001B5B306DA2
:10639000000000000A00000010B5084890F8F20064
:1063A00030B100F064F80120044981F8F40003E002
:1063B0000120024981F8F30010BD0000545600206E
:1063C00010B504460D4880F8F24090F8F200A0B1F4
:1063D0000A4890F8F40030B9084890F8F30010B17A
:1063E00000F045F809E0054890F8F40028B10348AA
:1063F00090F8F30008B900F03BF810BD54560020A7
:1064000010B5084890F8F20030B100F031F80020E3
:10641000044981F8F40003E00020024981F8F30008
:1064200010BD00005456002000A0704764756D6DCB
:106430007920696E666F700000A0704764756D6D9D
:106440007920696E666F740000A0704764756D6D89
:10645000792074696D6500000020704770B50446AE
:106460000D462A4621460020FDF7B6FD70BD704757
:106470007047000010B586B00446052C1CDD10489E
:106480000068002811D140F25B100E490EA215A33E
:10649000CDE90310CDE9013200900B461AA224A1E8
:1064A0000020FFF76DFD00BFFEE740F25B120549DB
:1064B00005A0034B1B6898471F48047006B010BD29
:1064C000D8010020B8BB00086C6576656C203C3DA7
:1064D00020454C4F475F4C564C5F564552424F53F8
:1064E00045000000282573292068617320617373BB
:1064F000657274206661696C65642061742025731F
:106500003A256C642E0000002E2E5C30345F44650A
:106510006275675F546F6F6C5C656173796C6F67F0
:106520006765725C7372635C656C6F672E630000F5
:10653000656C6F67000000005456002010B5002401
:1065400000BF13E004EB44120A491144481C1F2108
:10655000FAF72DFB002104EB44120648815404EBAA
:106560004412104480F82010601CC4B2052CE9DBF2
:1065700010BD00008556002030B585B004460D469C
:10658000052C1CDD10480068002811D140F2411094
:106590000E490FA215A3CDE90310CDE901320090F9
:1065A0000B461BA224A10020FFF7EAFC00BFFEE778
:1065B00040F24112054906A0034B1B68984720484A
:1065C00040F8245005B030BDD80100209BBB000826
:1065D0006C6576656C203C3D20454C4F475F4C56C2
:1065E0004C5F564552424F53450000002825732901
:1065F0002068617320617373657274206661696CD1
:1066000065642061742025733A256C642E000000B7
:106610002E2E5C30345F44656275675F546F6F6C1B
:106620005C656173796C6F676765725C7372635CDC
:10663000656C6F672E630000656C6F67000000007B
:106640002C57002010B586B00446002C1ED0012C1B
:106650001CD011480068002811D14FF48B700F49ED
:106660000FA219A3CDE90310CDE9013200900B462A
:106670001EA228A10020FFF783FC00BFFEE74FF415
:106680008B72064906A0044B1B689847234880F884
:10669000F14006B010BD0000D801002067BB000823
:1066A00028656E61626C6564203D3D2066616C7397
:1066B0006529207C7C2028656E61626C6564203DC4
:1066C0003D2074727565290028257329206861733F
:1066D00020617373657274206661696C6564206102
:1066E000742025733A256C642E0000002E2E5C3039
:1066F000345F44656275675F546F6F6C5C6561738E
:10670000796C6F676765725C7372635C656C6F67E9
:106710002E630000656C6F67000000005456002077
:1067200010B586B00446002C1ED0012C1CD0114898
:106730000068002811D14FF491700F490FA219A3DE
:10674000CDE90310CDE9013200900B461EA228A12D
:106750000020FFF715FC00BFFEE74FF491720649D9
:1067600006A0044B1B689847234880F8F54006B004
:1067700010BD0000D80100207FBB000828656E61B5
:10678000626C6564203D3D2066616C736529207CE8
:106790007C2028656E61626C6564203D3D207472CA
:1067A000756529002825732920686173206173733A
:1067B000657274206661696C65642061742025735C
:1067C0003A256C642E0000002E2E5C30345F446548
:1067D0006275675F546F6F6C5C656173796C6F672E
:1067E0006765725C7372635C656C6F672E63000033
:1067F000656C6F6700000000545600200EB50B4812
:1068000090F8F00000B90EBD0120FFF71BFF08A0B3
:1068100009A1F722124BCDE90021029011A21BA180
:106820000320FFF7ADFB00BFEDE70000545600204A
:10683000322E322E39390000456173794C6F67670B
:1068400065722056257320697320696E69746961C9
:106850006C697A6520737563636573732E0000003D
:1068600052BB00082E2E5C30345F44656275675F52
:10687000546F6F6C5C656173796C6F676765725C90
:106880007372635C656C6F672E630000656C6F6785
:1068900000000000F0B585B006460D4614462746B8
:1068A000002D1AD124480068002810D12C2023493B
:1068B00023A224A3CDE90310CDE9013200900B46B9
:1068C00029A235A10020FFF75BFB00BFFEE72C22C9
:1068D0001A491BA0184B1B689847002C19D1164861
:1068E000006880B92D2015492DA216A3CDE903100B
:1068F000CDE9013200900B461BA227A10020FFF733
:106900003FFB00BFFEE72D220C4925A00A4B1B6868
:1069100098470AE03046761CB0F5806F04D214F830
:10692000010B05F8010B00E002E020780028F1D10E
:1069300000BFE01B05B0F0BDD801002034BC00084A
:106940006473740028257329206861732061737350
:10695000657274206661696C6564206174202573BA
:106960003A256C642E0000002E2E5C30345F4465A6
:106970006275675F546F6F6C5C656173796C6F678C
:106980006765725C7372635C656C6F675F75746971
:106990006C732E6300000000656C6F6700000000E0
:1069A000737263002DE9F04706460D461746984678
:1069B0004FF0000915B90020BDE8F087012409E077
:1069C000291B881922463946F9F7E0FF00B9A1468C
:1069D000601C84B24445F3DB4846EDE72DE9FE43F5
:1069E00080460F4614461BA04FF4BF711E4B1FA2DA
:1069F000CDE90104009123A10320FFF7C1FA00258E
:106A000000260AE0BB5DC5F50071204A501920A29E
:106A1000F9F7F4FD0544701C86B2A642F2DB1B4870
:106A20001DA14FF4C272104BCDE9002102900FA2BC
:106A300014A10320FFF7A4FA18A040F285110A4B15
:106A40000AA2CDE900100FA10320FFF799FABDE8D3
:106A5000FE8300007061795F6C656E3D25642C20BB
:106A600069733A20200000009EB900082E2E2F43A3
:106A70006F72652F5372632F6672656572746F73E0
:106A80002E6300004E4F5F5441470000EC01002090
:106A90002530327820000000257300000D0A000028
:106AA0007CB504460D46164608A04FF4C5710A4B46
:106AB0000AA2CDE900100FA10320FFF761FA3246C8
:106AC00029462046FFF78AFF7CBD00002030372092
:106AD00066756E2C20000000A9B900082E2E2F43E9
:106AE0006F72652F5372632F6672656572746F7370
:106AF0002E6300004E4F5F54414700007CB50446B2
:106B00000D46164608A04FF4C8710A4B0AA2CDE9FB
:106B100000100FA10320FFF733FA32462946204622
:106B2000FFF75CFF7CBD00002030382066756E2CBE
:106B300020000000B6B900082E2E2F436F72652F7B
:106B40005372632F6672656572746F732E630000F3
:106B50004E4F5F5441470000FEB504460D461646B1
:106B60000C480068401C0B490860084600680AA1F0
:106B70004FF4CC720E4BCDE9002102900DA213A16F
:106B80000320FFF7FDF9324629462046FFF726FF8E
:106B9000FEBD0000A00000202030412066756E2C54
:106BA00020636E7441203D2025642E2000000000EB
:106BB000C3B900082E2E2F436F72652F5372632FB7
:106BC0006672656572746F732E6300004E4F5F547A
:106BD00041470000FEB504460D4616460C480068C5
:106BE000401C0B490860084600680AA140F29F1249
:106BF0000E4BCDE9002102900DA213A10320FFF757
:106C0000BFF9324629462046FFF7E8FEFEBD0000E8
:106C1000A40000202030422066756E2C20636E7424
:106C200042203D2025642E2000000000D0B900083D
:106C30002E2E2F436F72652F5372632F6672656518
:106C400072746F732E6300004E4F5F544147000013
:106C5000FEB504460D4616460C480068401C0B491C
:106C60000860084600680AA14FF4D3720E4BCDE9C4
:106C7000002102900DA213A10320FFF781F93246F3
:106C800029462046FFF7AAFEFEBD0000A80000200E
:106C90002030432066756E2C20636E7443203D20A7
:106CA00025642E2000000000DDB900082E2E2F43A1
:106CB0006F72652F5372632F6672656572746F739E
:106CC0002E6300004E4F5F5441470000FEB504465E
:106CD0000D4616460C480068401C0B4908600846E3
:106CE00000680AA140F2AD120E4BCDE900210290DE
:106CF0000DA213A10320FFF743F93246294620468F
:106D0000FFF76CFEFEBD0000AC00002020304420E8
:106D100066756E2C20636E7444203D2025642E2001
:106D200000000000EAB900082E2E2F436F72652F75
:106D30005372632F6672656572746F732E63000001
:106D40004E4F5F5441470000FEB504460D461646BF
:106D50000C480068401C0B490860084600680AA1FE
:106D60004FF4DA720E4BCDE9002102900DA213A16F
:106D70000320FFF705F9324629462046FFF72EFE8D
:106D8000FEBD0000B00000202030452066756E2C4E
:106D900020636E7445203D2025642E2000000000F5
:106DA000F7B900082E2E2F436F72652F5372632F91
:106DB0006672656572746F732E6300004E4F5F5488
:106DC00041470000FEB504460D4616460C480068D3
:106DD000401C0B490860084600680AA140F2BB123B
:106DE0000E4BCDE9002102900DA213A10320FFF765
:106DF000C7F8324629462046FFF7F0FDFEBD0000E9
:106E0000B40000202030462066756E2C20636E741E
:106E100046203D2025642E200000000004BA000812
:106E20002E2E2F436F72652F5372632F6672656526
:106E300072746F732E6300004E4F5F544147000021
:106E4000FEB504460D4616460C480068401C0B492A
:106E50000860084600680AA14FF4E1720E4BCDE9C4
:106E6000002102900DA213A10320FFF789F83246FA
:106E700029462046FFF7B2FDFEBD0000B800002005
:106E80002031302066756E2C20636E743130203DC9
:106E90002025642E2000000011BA00082E2E2F435A
:106EA0006F72652F5372632F6672656572746F73AC
:106EB0002E6300004E4F5F5441470000FEB504466C
:106EC0000D4616460C480068401C0B4908600846F1
:106ED00000680AA140F2C9120E4BCDE900210290D0
:106EE0000DA213A10320FFF74BF832462946204696
:106EF000FFF774FDFEBD0000BC00002020313120F2
:106F000066756E2C20636E743131203D2025642E11
:106F1000200000001EBA00082E2E2F436F72652F2E
:106F20005372632F6672656572746F732E6300000F
:106F30004E4F5F5441470000FEB504460D461646CD
:106F40000C480068401C0B490860084600680AA10C
:106F50004FF4E8720E4BCDE9002102900DA213A16F
:106F60000320FFF70DF8324629462046FFF736FD8D
:106F7000FEBD0000C00000202031322066756E2C5E
:106F800020636E743132203D2025642E20000000E5
:106F90002BBA00082E2E2F436F72652F5372632F6A
:106FA0006672656572746F732E6300004E4F5F5496
:106FB00041470000FEB504460D4616460C480068E1
:106FC000401C0B490860084600680AA140F2D7122D
:106FD0000E4BCDE9002102900DA213A10320FEF774
:106FE000CFFF324629462046FFF7F8FCFEBD0000E1
:106FF000C40000202031332066756E2C20636E742F
:107000003133203D2025642E2000000038BA0008CE
:107010002E2E2F436F72652F5372632F6672656534
:1070200072746F732E6300004E4F5F54414700002F
:1070300070B506460D4606B10DB9002070BD14208E
:10704000F9F7F4F904460CB90020F7E7204602F0FE
:107050008AF86868E06028782072A8682061204675
:10706000ECE7000002480068406880B2704700000A
:107070008C04002030B585B004460D46052C1CDD7F
:1070800013480068002811D14FF43870114912A23A
:1070900018A3CDE90310CDE9013200900B461EA2E2
:1070A00027A10020FEF76CFF00BFFEE74FF4387207
:1070B000084909A0064B1B689847234850F824004C
:1070C000284010B1012005B030BD0020FBE70000D2
:1070D000D801002008BC00086C6576656C203C3D3A
:1070E00020454C4F475F4C564C5F564552424F53DC
:1070F000450000002825732920686173206173739F
:10710000657274206661696C656420617420257302
:107110003A256C642E0000002E2E5C30345F4465EE
:107120006275675F546F6F6C5C656173796C6F67D4
:107130006765725C7372635C656C6F672E630000D9
:10714000656C6F67000000002C57002070B5054685
:107150000E46144634B131462846FFF78BFF08B17E
:10716000012070BD0020FCE770B505460E461446B0
:1071700034B131462846FFF77DFF08B1012070BDCC
:107180000020FCE72DE9F04107460C46786800F145
:107190001808D8F8006011E03546287A217888422E
:1071A00000DD0DE0287A2178884206D1286920B1D7
:1071B00022896168D5E90303984736684645EBD1D3
:1071C00000BFBDE8F08100003EB50446257806A06A
:1071D0004FF49D71074B08A2CDE9010500910CA168
:1071E0000320FEF7CDFE3EBD6973725F30782578CF
:1071F0000D0A000044B900082E2E2F436F72652F30
:107200005372632F6672656572746F732E6300002C
:107210004E4F5F5441470000FBF7C6FCFDF7FCFDF5
:10722000FCF720FEFCF7CCFDFCF74EFEFCF768FEF9
:10723000FBF758F900F0A4FAFCF7E6FD00F0B6FA07
:1072400000BFFEE72DE9FC4106460F464FF6FF74EE
:1072500006B16FB915A040F2E111174B17A2CDE9A5
:1072600000101CA10320FEF78BFE2046BDE8FC8128
:10727000002516E0705D44404FF000080CE004F07B
:10728000010020B14AF2010080EA640400E06410C9
:1072900008F1010000F0FF08B8F1080FEFDB681CEF
:1072A000C5B2BD42E6DB2046E0E700006372632022
:1072B0006572726F7200000045BA00082E2E2F43CF
:1072C0006F72652F5372632F6672656572746F7388
:1072D0002E6300004E4F5F54414700002DE9F04FF0
:1072E0008FB006460F46144606B124B96FF003006E
:1072F0000FB0BDE8F08F76A000680E9008200D90CA
:1073000005200C9002200B90082F01DA0120EFE7F6
:107310000025C3E0701902220EA9F9F737FB0028F7
:107320007BD1781B082808DA0020E0806580A080E7
:107330000DB1C01EDCE70120DAE7A81C305C0A9022
:10734000E81C315C281D305C41EA002861498888CE
:1073500000EBD0714910414502DDB8F1000F39D181
:107360005DA04FF40D71644B64A2CDE9010800915A
:1073700068A10120FEF704FEA81C1FFA80FA002075
:1073800004900DE006EB0A0002220EA9F9F7FEFABE
:1073900010B90120049007E00AF101001FFA80FAF9
:1073A0000AF10200B842EDD900BF049810B1A4F868
:1073B00002A00AE002230EAA39463046FFF7F2FA8D
:1073C00003900398381A608000BF0020E080A080FE
:1073D000401E8DE708F1070080B20990791B0998DB
:1073E000814201DA012083E7681D4044315A089147
:1073F00008F1050291B27019FFF724FF0790DDE94B
:10740000070181420AD10A982070A4F80680681DFD
:1074100060800220A08000206AE73DE03FA040F2AB
:107420006621354B35A2CDE90108009139A1012033
:10743000FEF7A6FD681C1FFA80F9CDF81890DDF85C
:107440001890002005900DE006EB090002220EA91D
:10745000F9F79CFA10B90120059007E009F1010045
:107460001FFA80F909F10200B842EDD900BF059872
:1074700010B1A4F802900AE002230EAA3946304661
:10748000FFF790FA8246A7EB0A00608000BF002059
:10749000E080A080801E2BE7681C85B2A81CB84243
:1074A0007FF638AF02230EAA39463046FFF77AFA44
:1074B00083460020E080A7EB0B0060800020A080C6
:1074C000608810B16FF0020012E7012010E70000A1
:1074D000CCAA0000CC00002064617461206C656E51
:1074E00067746820696C6C6567616C21206C656EDF
:1074F0003D307825780D0A0052BA00082E2E2F4311
:107500006F72652F5372632F6672656572746F7345
:107510002E6300004E4F5F544147000063726320AA
:107520006572726F722C206C656E3D307825780D17
:107530000A0000002DE9FF5F044614B1606800787E
:1075400008B9BDE8FF9F21688968486980470390B2
:1075500060684088401C61684880606800692168F4
:10756000096809688988B0FBF1F201FB120086B254
:1075700021684968C868804721680968096889885E
:10758000081A85B2A81B2168096809688988084417
:10759000216809680968898890FBF1F201FB1200F3
:1075A00087B260680089281A216809680968898893
:1075B0000844216809680968898890FBF1F201FB99
:1075C00012006168C96808446168C8606068C06882
:1075D00061680969884205D12068806881690398DB
:1075E0008847AEE76068C06861680969401A216829
:1075F000096809688988884213D339A040F2F311D9
:107600003E4B3FA2CDE9001048A10120FEF7B8FC97
:10761000204601F0FBFB2068806881690398884759
:107620008FE7606805814FF00008002F22DDAE4231
:1076300020DDFDB12068006800688088801B1FFA8B
:1076400080F9AB4622681268126812689119626864
:1076500050694A46F9F75EFA2268126812681168A2
:107660006268526902EB09005A46F9F753FA4FF083
:10767000010800BFB8F1000F02D06068406904E063
:10768000206800680068006830448246002002904C
:107690003A465146204600F09DFC02906068016920
:1076A00002980844616808616068408861684978A8
:1076B00088420DDB1FA040F23121104B10A2CDE912
:1076C00000101AA10120FEF75BFC204601F09EFB92
:1076D0002068806881690398884700BF31E700000F
:1076E000427566666572206F766572666C6F77208C
:1076F00064657465637465642E0D0A00C8BA000879
:107700002E2E5C4D6964646C6577617265735C757F
:107710006172745F70726F746F5C7372635C7561B9
:1077200072745F70726F746F2E6300004E4F5F54FF
:10773000414700005061727365206661696C757223
:1077400065207468726573686F6C64206578636522
:10775000656465642C2072657365742E0D0A0000E3
:1077600070B50546FEF71AFA10B16FF0050404E093
:10777000002415B1284602F01DFC204670BD000013
:1077800010B5FEF70BFA10B16FF0050409E00648DA
:10779000006820B9012004490860002401E04FF08E
:1077A000FF34204610BD00005C01002070B5FEF7DC
:1077B000F5F910B16FF005041FE0114800680128C9
:1077C00019D100BF801F0021002804DB0A07130E17
:1077D0000C4A135406E00A07150E0B4A00F00F037B
:1077E0001B1FD55400BF00BF02200549086002F0EE
:1077F0004DFD002401E04FF0FF34204670BD000035
:107800005C01002000E400E018ED00E0002002F040
:1078100003FC00BFFEE72DE9FF478046894614467A
:1078200000200390FEF7BAF900284ED1B8F1000FFE
:107830004BD0802618258246471E44B3206808B1E5
:10784000D4F800A0A06900B1A5692DB1382D03D8E6
:10785000207900F0010018B1002004B0BDE8F087E5
:10786000606908B160698608A06840B1E0685C287A
:1078700005D3206918B1606908B1012708E0A06844
:1078800030B9E06820B9206910B9002700E000276E
:10789000012F0CD12169A0684B463246CDE9005139
:1078A00002905146404603F07DFC03900DE067B91D
:1078B00003A8B2B24B465146CDE90050404603F012
:1078C0003FFC012801D0002003900398C5E710B5C4
:1078D000FEF75EF958B100BF5021EFF3118081F33C
:1078E0001188BFF34F8FBFF36F8F00BF10BD02F041
:1078F000F5F90020FAE710B50446FEF749F920B182
:1079000000BF84F3118800BF01E002F011FA10BD3E
:1079100070B50446204601F097F90546284670BD2B
:1079200070B50546012002F04FFE06460EB901244F
:1079300001E02E600024204670BD10B504462046AC
:1079400002F0D8FA10BD0000F8B505462F46002F0A
:1079500001D10220F8BD00BFEFF3058098B10020EF
:1079600000906946384603F0AFF80446009848B1E5
:10797000009838B14FF080500A490860BFF34F8F2C
:10798000BFF36F8F06E000231A461946384602F00F
:1079900015FF0446012C01D1002600E001263046E7
:1079A000D8E7000004ED00E02DE9F84305460E4657
:1079B000A846B8F1000F02D10220BDE8F88300BF4D
:1079C000EFF30580A0B1002000906A4600214046F8
:1079D00003F0E0F90446009848B1009838B14FF040
:1079E000805010490860BFF34F8FBFF36F8F11E0D5
:1079F000701C10B94FF0FF3006E04FF47A707043FE
:107A00004FF47A71B0FBF1F081464946404603F0ED
:107A100043FA0446012C01D1002700E00127384633
:107A2000CBE7000004ED00E02DE9F047074688466B
:107A3000164600224146384602F0D7FD05460DB9EC
:107A4000012406E03560284602F0E4F8814600246F
:107A500000BF2046BDE8F0872DE9F84F054688466F
:107A60001646A946B9F1000F02D10220BDE8F88FF1
:107A7000B8F1000F01D10220F8E700BFEFF3058055
:107A8000A0B1002000906A464146484603F082F9C2
:107A90000446009848B1009838B14FF08050104922
:107AA0000860BFF34F8FBFF36F8F12E0701C10B9E7
:107AB0004FF0FF3006E04FF47A7070434FF47A7164
:107AC000B0FBF1F0824652464146484603F07EF84C
:107AD0000446012C01D1002700E001273846C5E704
:107AE00004ED00E02DE9F84F054688461646A94604
:107AF00015B90220BDE8F88FB8F1000F01D10220BE
:107B0000F8E700BFEFF30580A8B100200090002344
:107B10006A464146484602F047FF0446009848B18D
:107B2000009838B14FF0805010490860BFF34F8F74
:107B3000BFF36F8F13E0701C10B94FF0FF3006E0F9
:107B40004FF47A7070434FF47A71B0FBF1F08246D3
:107B5000002352464146484602F030FE0446012CBE
:107B600001D1002700E001273846C3E704ED00E01B
:107B700070B5054603220021012002F036FD0646BD
:107B80000EB9022401E02E600024204670BD10B51D
:107B90000446204602F0AEF910BD0000F8B50546D7
:107BA0002F46002F01D10220F8BD00BFEFF3058062
:107BB00098B1002000906946384602F085FF0446DF
:107BC000009848B1009838B14FF080500A490860D9
:107BD000BFF34F8FBFF36F8F06E000231A4619469D
:107BE000384602F0EBFD0446012C01D1002600E0EE
:107BF00001263046D8E7000004ED00E02DE9F84307
:107C000005460E46A846B8F1000F02D10220BDE895
:107C1000F88300BFEFF30580A0B1002000906A4612
:107C20000021404603F0B6F80446009848B1009899
:107C300038B14FF0805010490860BFF34F8FBFF349
:107C40006F8F11E0701C10B94FF0FF3006E04FF459
:107C50007A7070434FF47A71B0FBF1F08146494677
:107C6000404603F019F90446012C01D1002700E039
:107C700001273846CBE7000004ED00E07CB5044660
:107C8000002600BF0CB902207CBD10220021204636
:107C9000F8F7EBFE08B90D20F6E700BFA16A6069AE
:107CA000CDE90001218A8AB22146236AA06903F046
:107CB00047FA0546012D00D001263046E4E710B50D
:107CC0000446204602F0A8F910BD70B505462846C6
:107CD00001F070F80446D4E90021A068904770BD17
:107CE000F8B505460C46002608480090227D04F1B0
:107CF00018032046216903F0FDFC07462F60296820
:107D00002162286800B902263046F8BDCB7C000805
:107D10002DE9FC4706460D460027FDF73CFFD0B194
:107D20000020019003F0B2FA8046002001AB4246E9
:107D300006210090304603F035FD0446019848B115
:107D4000019838B14FF0805012490860BFF34F8F4F
:107D5000BFF36F8F18E0681C10B94FF0FF3006E0DA
:107D60004FF47A7068434FF47A71B0FBF1F08046BB
:107D700003F086FA814600234A4601213046CDF8B9
:107D8000008003F00FFD044604B901273846BDE822
:107D9000FC87000004ED00E02DE9FC4106460D469D
:107DA0000027FDF7F8FEB0B10020019001AB0246BC
:107DB00008210090304603F0F5FC0446019848B1D4
:107DC000019838B14FF0805010490860BFF34F8FD1
:107DD000BFF36F8F14E0681C10B94FF0FF3006E05E
:107DE0004FF47A7068434FF47A71B0FBF1F080463B
:107DF00000231A4603210090304603F0D3FC0446CA
:107E000004B901273846BDE8FC81000004ED00E01C
:107E100010B5FFF75CFD10BD10B504462046FFF716
:107E20006AFD10BD70B504462046FFF779FD054692
:107E3000284670BD10B504462046FFF77EFD10BDF4
:107E400070B504462046FFF77FFD0546284670BD05
:107E500070B504460D4629462046FFF7A5FD0646A7
:107E6000304670BD2DE9F04104460D4616463246B7
:107E700029462046FFF7D8FD07463846BDE8F08181
:107E80002DE9F04104460D46164632462946204665
:107E9000FFF7E2FD07463846BDE8F0812DE9F041E5
:107EA00004460D461646324629462046FFF71AFE7E
:107EB00007463846BDE8F08170B504462046FFF716
:107EC00057FE0546284670BD10B504462046FFF70C
:107ED0005EFE10BD70B504462046FFF75FFE054606
:107EE000284670BD70B504460D4629462046FFF76A
:107EF00085FE0646304670BD2DE9F04F8BB0064634
:107F00000D4614461F46DDE914891DB902200BB049
:107F1000BDE8F08F1CB16FF00040844201D32820EF
:107F2000F5E72C216846F8F764FE3046F8F77EFD49
:107F300083465A4631466846F8F782FECDF82880D7
:107F4000049405970695CDF820906846FFF796FEB5
:107F500082465046DBE710B504462046FFF7AFFEE9
:107F600010BD2DE9F84F80460D4616461F46DDE947
:107F70000A9A2420FFF7CCFC04462846F8F756FD61
:107F800000F1010B5A4629462046F8F7C3FD266149
:107F90002775C4F81890C4F81CA021464046FFF786
:107FA0009FFE00900098BDE8F88F70B504460D461E
:107FB00029462046FFF7ACFE0646304670BD70B538
:107FC00004460D4629462046FFF7E6FE06463046A3
:107FD00070BD00002DE9F04188B006460F4690467E
:107FE00000252EE09DF818008DF80C007819BDF8DA
:107FF0001A1008440490BDF81E00ADF81400BDF836
:108000001A00BDF81E100844BDF81C10084428448E
:1080100085B21AA0FA211D4B1DA2CDE901050091E0
:1080200026A10320FDF7ACFF54B9002071684880F9
:1080300071684868316889680022CB6803A998474D
:1080400000BFA8EB050291B2781932681268526835
:10805000136806AA9847041EC4D0A01C0028C1D0EB
:10806000601C0028BED0E01C0028BBD0201D00B939
:108070004546284608B0BDE8F0810000756E706185
:10808000636B5F6C656E3D25640D0A0092BA000853
:108090002E2E5C4D6964646C6577617265735C75E6
:1080A0006172745F70726F746F5C7372635C756120
:1080B00072745F70726F746F2E6300004E4F5F5466
:1080C0004147000030B585B005462C4614B16068C4
:1080D000007808B905B030BD18E0616848682168CB
:1080E00089684FF0FF320B6902A9984708A040F257
:1080F0004D110E4B0EA2CDE9001018A10320FDF783
:108100003FFF02A92046FFF73DF800BFE5E700006A
:108110004672616D65207061727365642C206861C0
:108120006E646C696E672E2E2E0D0A00ABBA0008C5
:108130002E2E5C4D6964646C6577617265735C7545
:108140006172745F70726F746F5C7372635C75617F
:1081500072745F70726F746F2E6300004E4F5F54C5
:1081600041470000704700002DE9F04105460E46EA
:108170001648076816480068001D01F037FD681CA6
:1081800038B936B112480168091D124801F09AFD4C
:108190001AE07C190E4800684460BC4207D20C48C3
:1081A0000168091D0C48006801F072FD0CE00848E8
:1081B0000168091D0948006801F06AFD0848006867
:1081C000844201D206480460BDE8F081200100200D
:1081D0000C010020C40C002014010020100100201C
:1081E0003C01002038B5044601F078FD2D480068B8
:1081F000401C2C4908602C48006840B92A4804609B
:108200000846006801280DD100F05AFA0AE0274814
:10821000006838B924480068C06AE16A884201D819
:108220002148046022480068401C21490860084633
:10823000006860646CB12046FBF7F2FF216B206898
:10824000401A009004F134012046D4E90B23FCF7D6
:10825000E1FB2046FCF748F81649E06A09688842C5
:1082600002D91449E06A0860E16A01EB8101124A0F
:1082700002EB8100211D01F025FD01F059FD0B48A5
:10828000006868B108480068C06AE16A884207D29D
:108290004FF0805009490860BFF34F8FBFF36F8FD5
:1082A00038BD00001C0100200C0100202801002026
:1082B00038010020240100201408002004ED00E013
:1082C00008B501F00BFD12480068E8B9114801F04B
:1082D000CFFC114801F0CCFC0E48104908600E4854
:1082E0000F49086000200F4B0F4A102100900A2010
:1082F00002F0A8F9064908600846006820B10BA101
:108300000348006801F0D4FD01F012FD08BD000033
:1083100050010020D80C0020EC0C00204801002067
:108320004C010020000D0020500D0020546D7251B2
:108330000000000010B516E001F0D0FC0C48C06849
:10834000C468201D01F052FC0A480068401E09491B
:10835000086009480068401E0749086001F0E8FC11
:10836000204600F05FF8044800680028E4D110BD02
:10837000B00C00201C0100201801002070B504463C
:108380000D46206C70B1216CE0680144E160D4E9D5
:108390000210884201D32168E1602846226CE1681E
:1083A000F8F7B8FB70BD2DE9F04104460F461546BD
:1083B0004FF00008A66B206C48B9206800282CD12B
:1083C000A06803F013F880460020A06025E07DB986
:1083D0003946226C6068F8F79DFB216C60680844A0
:1083E0006060D4E90101884217D32068606014E01E
:1083F0003946226CE068F8F78DFB216CE068411A81
:10840000E1602168E068884203D2216CA068411ACB
:10841000E160022D01D106B1761E701CA0634046BA
:10842000BDE8F08110B5044694F8590030B9206BCE
:1084300001F09CFC204601F099FC1AE094F85900E8
:10844000012803D1204601F091FC12E094F8590074
:10845000022801D1012000E0002050B900BF5020C7
:1084600080F31188BFF34F8FBFF36F8F00BF00BF42
:10847000FEE710BD01464A6A22B10A6B1268C2F1DA
:10848000380000E0002070470146084A1268126870
:108490000AB9012200E000220A600A6822B9034AF0
:1084A0001268D268106800E0002070474801002080
:1084B00030B54FF47053174800F007042CB1C01DBD
:1084C00020F00700134C041B1B1B0246124C2260B9
:1084D0000024114D6C60D018083820F007000F4CB4
:1084E000206000240D4D2D686C600C4D2D682C60B3
:1084F0001146441A4C60094C24680C60084D4C68C5
:108500002C60084D4C682C604FF00044064D2C60E8
:1085100030BD0000A8140020600100206801002088
:10852000700100206C0100207C01002000BFFFF7DB
:1085300001FF064800680128F9D94FF0805004492E
:108540000860BFF34F8FBFF36F8FF0E71408002070
:1085500004ED00E010B5044654B10020A060206096
:108560000021E16000231A461946204602F026F950
:1085700010BD2DE9F04106460D4617469846069C6B
:108580000DB9246000E02760E663256401212046E0
:1085900002F0C8F884F84C8043462A4631467320DE
:1085A000FBF75EFFBDE8F0812DE9F05F82460E46E5
:1085B00090469B460A9F0C9C4FEA8801A522206B9F
:1085C000F8F7EDFAA8F10100216B01EB800929F021
:1085D000070909F0070008B9012000E0002050B9A0
:1085E00000BF502080F31188BFF34F8FBFF36F8F10
:1085F00000BF00BFFEE786B1002507E0715D04F112
:1086000034004155705D00B902E06D1C102DF5D3AA
:1086100000BF00214320015502E0002084F834000F
:10862000382F00D33727E762E76400202065201D3C
:1086300001F02BFB04F1180001F027FB2461C7F1C6
:108640003800A06164620020606584F858005A46D2
:108650005146484600F0C4FB20600B9808B10B98C7
:108660000460BDE8F09F2DE9F04706460D46174629
:108670009846DDE908940DB1012000E0002050B9D2
:1086800000BF502080F31188BFF34F8FBFF36F8F6F
:1086900000BF00BFFEE78CB1FFF712FE2660A561A8
:1086A000C4F81C80C4F82090201D01F0EEFA2FB110
:1086B00094F8280040F0040084F82800BDE8F08712
:1086C00010B5002407E004EB84010F4A02EB81009F
:1086D00001F0CEFA641C382CF5D30C4801F0C8FA2E
:1086E0000B4801F0C5FA0B4801F0C2FA0A4801F044
:1086F000BFFA0A4801F0BCFA044809490860044876
:108700000849086010BD000014080020740C002007
:10871000880C00209C0C0020B00C0020C40C002011
:10872000100100201401002010B50146164800E099
:10873000006803688B42FBD30246436813448B42B4
:1087400004D143684C682344436001460A464B68A1
:1087500013440468A34211D10C4C03682468A3425B
:1087600008D04B680468646823444B6003681B6846
:108770000B6005E0054B1B680B6001E003680B60B4
:10878000884200D0016010BD600100206801002017
:108790002DE9F04104460D4616461F464FF00008ED
:1087A00065602461B5420CD8F01BA169884202D3F0
:1087B0004FF0010811E0211D0948006801F068FA36
:1087C0000BE0BE4204D2BD4202D34FF0010804E0E8
:1087D000211D0448006801F05BFA4046BDE8F081C5
:1087E0004C0100204801002070B5054601F076FAE2
:1087F000A86B08B9012400E0002401F099FA204692
:1088000070BD70B5054601F069FAA86BE96B884246
:1088100001D1012400E0002401F08AFA204670BD55
:10882000F8B505460F461A480068C068C468201DA0
:1088300001F0DCF994F8280000F00400E8B1A06928
:1088400041192B463A462046FFF7A2FFD8B1002037
:1088500003462A4601460090204602F0A3FF064642
:1088600056B900BF502080F31188BFF34F8FBFF37C
:108870006F8F00BF00BFFEE705E094F8280020F0EE
:10888000010084F828002046216A8847F8BD0000CE
:1088900048010020F0B587B0A0E00398002811DA65
:1088A00004AE56B900BF502080F31188BFF34F8F3C
:1088B000BFF36F8F00BF00BFFEE7D6E90020B168AD
:1088C000904700BF03980028E6DB059C606908B963
:1088D000012000E0002010B9201D01F087F902A856
:1088E00000F0DEF8054603980A2875D2DFE800F0AC
:1088F00009050739416306083A4200BF00BF00BFBF
:1089000000BF94F8280040F0010084F82800049883
:10891000A269811803462A462046FFF739FFF8B1BD
:108920002046216A884794F8280000F00400B8B176
:10893000002000900498A16942180023194620469F
:1089400002F030FF074657B900BF502080F311886E
:10895000BFF34F8FBFF36F8F00BF00BFFEE700BFB5
:108960003BE000BF94F8280020F0010084F82800C4
:1089700033E000BF94F8280040F0010084F828009C
:108980000498A061A06908B1012000E0002050B95E
:1089900000BF502080F31188BFF34F8FBFF36F8F5C
:1089A00000BF00BFFEE7A06941192B462A462046BA
:1089B000FFF7EEFE11E094F8280000F0020018B96D
:1089C000204601F0D3F905E094F8280020F00100DA
:1089D00084F8280001E0FFE700BF00BF002203A9E0
:1089E0000448006802F0F2F800287FF456AF07B0A0
:1089F000F0BD000050010020F8B505460C4601F01E
:108A0000B3FC684600F04CF80646009820BB44B919
:108A1000B54206D802F0EAFD31462846FFF700FFCE
:108A20001CE03CB10E480068006808B9012000E075
:108A300000200446A91B22460A48006801F094FA67
:108A400002F0D4FD50B94FF0805007490860BFF3E1
:108A50004F8FBFF36F8F01E002F0C8FDF8BD00003B
:108A60004C0100205001002004ED00E00A49096893
:108A7000096809B9012100E0002121B14FF0FF315F
:108A8000064A116006E004490968C968C868034AD3
:108A90004168116070470000100100203C01002077
:108AA00070B5044602F0ECFB0546074800688542B5
:108AB00004D200F00BF80120206001E000202060CB
:108AC00001480560284670BD580100202DE9F84393
:108AD00034E025480068C068056823480068C0681D
:108AE000C468201D01F082F82046216A884794F866
:108AF000280000F0040008B3A0694619AE4207D967
:108B000066602461211D1848006801F0C1F815E075
:108B1000002003462A4601460090204602F042FE0D
:108B2000074657B900BF502080F31188BFF34F8F1D
:108B3000BFF36F8F00BF00BFFEE700BF0A480068A9
:108B4000006808B9012000E000200028C1D00648D4
:108B5000D0F8008005480068034908600348C0F861
:108B60000080BDE8F8830000480100204C0100208F
:108B70000E480068401C08B9012000E0002050B9F0
:108B800000BF502080F31188BFF34F8FBFF36F8F6A
:108B900000BF00BFFEE700BF502080F31188BFF385
:108BA0004F8FBFF36F8F00BF00BFFEE78001002033
:108BB00008B500BF6846FFF767FC044620460099E9
:108BC000FFF71AFFFFF766FEF4E770B5044601F001
:108BD00085F894F9455010E0606A08B9012000E07A
:108BE000002038B904F1240002F0B2FC18B101F001
:108BF00099FA00E003E0681E45B2002DECDC00BFEE
:108C0000FF2084F8450001F093F801F067F894F92B
:108C1000445010E0206908B9012000E0002048B964
:108C200004F1100002F094FC08B101F07BFA681E18
:108C300045B200E001E0002DECDC00BFFF2084F82D
:108C4000440001F075F870BD2DE9F04104464FF085
:108C5000000801F089FB4948006808B9FFF728FCC3
:108C6000474800682040002870D1D4B1083404F08F
:108C70000700B0B104F00700C0F10800044404F09C
:108C8000070008B9012000E0002050B900BF5020C3
:108C900080F31188BFF34F8FBFF36F8F00BF00BF0A
:108CA000FEE7002C52D03748006884424ED8364E3A
:108CB0003046056801E02E462D686868A04202D261
:108CC00028680028F7D12D48006885423ED03068DA
:108CD00000F10808286830606868001B102819D95E
:108CE0002F1907F0070008B9012000E0002050B953
:108CF00000BF502080F31188BFF34F8FBFF36F8FF9
:108D000000BF00BFFEE76868001B78606C603846F3
:108D1000FFF70AFD1B4968680968081A19490860C5
:108D20000846006819490968884203D21548006856
:108D3000164908601249686809680843686000209D
:108D4000286013480068401C1149086002F04EFC7E
:108D500008F0070008B9012000E0002050B900BF6A
:108D6000502080F31188BFF34F8FBFF36F8F00BF88
:108D700000BFFEE74046BDE8F0810000680100202A
:108D80007C0100206C0100206001002070010020A7
:108D9000740100200648006830B10549096801F1F6
:108DA0005000096D491C01600148006870470000CF
:108DB0000C01002070B50446254654B900BF502070
:108DC00080F31188BFF34F8FBFF36F8F00BF00BFD9
:108DD000FEE700F083FFEE6900F0AAFF304670BDA9
:108DE000001F4FF080730360001F21F00103036038
:108DF000001F054B036014380260001F6FF0020370
:108E00000360203870470000718B000810B50446DD
:108E1000002061680881616808616168C8606168F4
:108E20004880226812681268908822685268116926
:108E3000884710BD10B5044614B16068007800B9C9
:108E400010BD0020616881F8200000BF6168C8691A
:108E5000216889684A6B0021904700BF62685068AA
:108E6000226892681169884700BFE9E710B5044697
:108E70000148FEF75FFB10BDDC0100202DE9FC413D
:108E800004468846154614B90120BDE8FC81606897
:108E9000007808B90320F8E721688968486A8047A4
:108EA00060688669206800688088871BAF4210D29E
:108EB00020688068816A0020884713A0D721194B59
:108EC00019A2CDE9001023A10120FDF759F80420D3
:108ED000DBE7606880692844616888612168096807
:108EE000096888192A464146F7F714FE2068806809
:108EF000816A002088476268106922689268116957
:108F000088470020C1E700005458206275666665F6
:108F10007220696E73756666696369656E740D0AA1
:108F200000000000EDBA00082E2E5C4D6964646CF0
:108F30006577617265735C756172745F73656E6489
:108F40005C7372635C756172745F73656E642E63CB
:108F5000000000004E4F5F54414700002DE9FC41E6
:108F600004460E4617461D4614B90120BDE8FC8193
:108F70006068007808B90320F8E7616888682168AC
:108F800089684A6C4FF0FF3190472046FCF7ECFEB1
:108F900008B10520EAE7FFF7E5F821688968486A23
:108FA0008047002D30D06168C86821688968002238
:108FB000CB6929469847002826D02EA0AE21354BF4
:108FC00035A2CDE900103FA10120FCF7D9FF62686E
:108FD0005068226892681169884700BF61684868D4
:108FE000216889684A694FF0FF319047626890684C
:108FF00022689268116C884700BF20688068816A87
:10900000002088470520B1E70120616881F8200031
:1090100000BF6168C869216889680A6B00219047B0
:1090200048B12AA0B6211B4B1BA2CDE9001025A1F7
:109030000120FCF7A5FF00BF206840683946826820
:109040003046904720688068816A0020884700BFCA
:1090500061684868216889684A694FF0FF31904724
:109060006268906822689268116C884700BF00208F
:109070007CE7000051756575652070757420666128
:10908000696C656420696E2073796E632073656E08
:10909000640D0A00E4BA00082E2E5C4D6964646C0D
:1090A0006577617265735C756172745F73656E6418
:1090B0005C7372635C756172745F73656E642E635A
:1090C000000000004E4F5F544147000054696D6539
:1090D00072207374617274206661696C210D0A00DC
:1090E00001490968486070478C0400202DE9F04769
:1090F00004460F46904604B117B90120BDE8F08739
:109100006068007808B90320F8E739462046FDF783
:109110008FFF06460EB90420F0E721688968486988
:109120008047606800F118094D4608E02968084644
:10913000017A3A78914200DD04E02D6800BF28688A
:109140004845F3D100BF3146284600F00FF82068AB
:109150008068816900208847B8F1000F01D0C8F805
:1091600000600020CAE740600060704702680A6043
:109170000268516001604860704700B50146D1E95E
:1091800000021060D1E9002050600846FFF7EBFFB5
:1091900000BD0000A6B0802106A8F7F72AFD13A0A5
:1091A0004FF4A471154B16A2CDE900101AA10320AB
:1091B000FCF7E6FE18E01A4903C9CDE9040106A848
:1091C0000590174B08330FCB8DE80F0004A80290D1
:1091D00014486B46802206A98468A047124800788C
:1091E000401C1149087000BFE5E700007461736B13
:1091F0003120626567696E0D0A00000063B90008DE
:109200002E2E2F436F72652F5372632F6672656522
:1092100072746F732E6300004E4F5F54414700001D
:1092200070B90008EC0300209C000020A4B01DA031
:1092300040F25B111F4B20A2CDE9001024A10320B6
:10924000FCF79EFE00BF24A103C9CDE922017821CD
:1092500004A8F7F7CEFC22A00068039000200CE0E1
:1092600004A9072202FB0011229A0A60BDF88C2093
:109270008A809DF88E208A71401C1128F0DB40F610
:10928000B830FEF76DFA0CE01648772204A9C368DF
:1092900098471448022203A9C36898476420FEF740
:1092A0005FFAF1E77461736B3220626567696E0D76
:1092B0000A00000088B900082E2E2F436F72652F18
:1092C0005372632F6672656572746F732E6300004C
:1092D0004E4F5F5441470000DEADBEEFACCA770091
:1092E000ABCD0000EC0300201CB506A040F26F11CE
:1092F000084B09A2CDE900100DA10320FCF740FEA8
:1093000000BFFEE77461736B3320626567696E0DA1
:109310000A00000093B900082E2E2F436F72652FAC
:109320005372632F6672656572746F732E630000EB
:109330004E4F5F5441470000FEB50446254628685D
:109340000678324680216868F7F729FC06A04FF4BA
:10935000A171094B09A2CDE9010600910DA10320DD
:10936000FCF70EFEFEBD00007468726561645F303C
:109370007825780D0A00000052B900082E2E2F43E0
:109380006F72652F5372632F6672656572746F73A7
:109390002E6300004E4F5F54414700007CB50546E8
:1093A0000C4605B15CB916A04FF4A2711B4B1CA270
:1093B000CDE9001025A10120FCF7E2FD7CBD264689
:1093C0007068C069A8420BD022A04FF4A671134B5D
:1093D00013A2CDE900101DA10120FCF7D1FDEDE79E
:1093E00025A04FF4A8710D4B0DA2CDE9001017A1D7
:1093F0000120FCF7C5FD3046FFF71CFD00BFDDE78F
:10940000756172742073656E642074696D656F7523
:1094100074206572726F720D0A00000014BB0008A0
:109420002E2E5C4D6964646C6577617265735C7542
:109430006172745F73656E645C7372635C75617294
:10944000745F73656E642E63000000004E4F5F54BE
:1094500041470000756172742073656E6420746901
:109460006D656F75742068616E646C6572206572DD
:10947000726F720D0A0000005458207265736F7588
:109480007263652074696D656F7574210D0A000043
:1094900010B586B0044614B16068007808B906B00B
:1094A00010BD606890F8200058B91CA04FF4EB7113
:1094B000224B23A2CDE900102CA10120FCF760FD76
:1094C000EDE76168C8682168896800220B6A02A913
:1094D000984770B9039810B1DDE9020188470598F3
:1094E00038B161684869216889680022CB6904A99C
:1094F00098470020616881F8200000BF6168C86952
:10950000216889684A6B0021904700BF62685068F3
:10951000226892681169884700BFC0E773656E646E
:1095200020636F6D706C65746520776974686F7502
:10953000742073656E64210D0A0000002ABB0008C8
:109540002E2E5C4D6964646C6577617265735C7521
:109550006172745F73656E645C7372635C75617273
:10956000745F73656E642E63000000004E4F5F549D
:10957000414700007CB505462C4614B16068007870
:1095800058B90EA040F22911134B14A2CDE90010D6
:109590001DA10120FCF7F4FC7CBD0EE06168486968
:1095A000216889684FF0FF320B6A69469847019835
:1095B00010B1DDE90001884700BFEFE77478206350
:1095C0006F6D706C65746520746872656164206588
:1095D00072726F720D0A000006BB00082E2E5C4DE1
:1095E0006964646C6577617265735C756172745FE0
:1095F00073656E645C7372635C756172745F7365CE
:109600006E642E63000000004E4F5F54414700001F
:10961000704770477047000010B507480068C06881
:1096200040F0100004490968C8604022034902481C
:10963000FAF746FB10BD0000FC0300204C0500209B
:109640002DE9FC4104460D4634B12DB1286818B10E
:10965000A86808B1686810B90120BDE8FC8160689D
:1096600020B16068007808B10220F6E72560206824
:109670004068C06858B120684068006838B1206808
:109680004068406818B120684068806808B90120C7
:10969000E3E720680068406818B120680068006847
:1096A00008B90120D9E7206800680068006820B187
:1096B000206800680068808808B90120CDE720682C
:1096C00080680068B8B120688068406898B12068F8
:1096D0008068806878B120688068C06858B1206868
:1096E0008068006938B120688068406918B12068D6
:1096F0008068806908B90120AFE72020F6F796FE60
:109700006060606808B90420A7E7002061680870FD
:109710006168488061680881616808616168C86043
:109720002168096809688888F6F780FE61684861E1
:109730006068406908B904208FE7216849680868B3
:1097400080470A260320616848702068006938B1A4
:109750002068006946782068006900786168487070
:109760006068021D206880680C2183683046984735
:109770004FF400774FF010082068C06830B12068BF
:10978000C06807682068C068D0F804800020CDE970
:1097900000042068806843463A460F49D0F800C06C
:1097A0000EA0E047616801F11800FFF7DCFC0F48EC
:1097B000A0600F48E0600120616808700DA04FF4C0
:1097C000DF71154B15A2CDE900101FA10320FCF796
:1097D000D7FB002041E70000C5800008706172736C
:1097E000655F74687265616400000000ED900008B8
:1097F000B19B0008756172742070726F746F20697C
:109800006E7374616E636520696E6974207375632D
:1098100063657373210D0A00B8BA00082E2E5C4DE3
:109820006964646C6577617265735C756172745F9D
:1098300070726F746F5C7372635C756172745F7069
:10984000726F746F2E6300004E4F5F5441470000EB
:109850002DE9FC4104460D4634B12DB1286818B1FC
:10986000686808B1A86810B90120BDE8FC8160688B
:1098700020B16068007808B10220F6E72560206812
:109880000068006818B120680068808808B9012065
:10989000EBE720684068006838B12068406840689D
:1098A00018B120684068806808B90120DDE72068A9
:1098B00080680068002845D0206880684068E8B368
:1098C000206880688068C8B320688068C068A8B3D2
:1098D00020688068406988B320688068006968B340
:1098E00020688068806948B320688068C06928B3B0
:1098F00020688068006A08B320688068C06AE8B1A0
:1099000020688068006BC8B120688068406BA8B18F
:1099100020688068806B88B120688068C06B68B1FF
:1099200020688068406C48B120688068006C28B16D
:1099300020688068406A08B1206800E002E0806822
:10994000806A08B9012090E72420F6F76FFD606077
:10995000606808B9052088E70020616808706168C0
:109960008861616881F820004FF400760F27206835
:10997000C06828B12068C06886682068C068C76869
:109980000020CDE90004206880683B4632463C490F
:10999000D0F800C03BA0E0474FF400760E272068C7
:1099A000C06828B12068C06806682068C068476839
:1099B0000020CDE90004206880683B4632463549E6
:1099C000D0F800C034A0E0474FF00A08606800F10A
:1099D00014022068806808218369404698476268BD
:1099E00002F11000226892689168884761680869EE
:1099F000216889684A6900219047606800F10C027B
:109A00002068806810218369012098472648CDE9A5
:109A10000004616801F11C002168896800234FF48B
:109A20007A72D1F82CC021A1E04700BF626802F130
:109A3000080022689268916B88476268101D22684E
:109A400092689168884761684868216889684A69AE
:109A50000021904700BF1848A0601848E06001202E
:109A60006168087016A040F2C3111E4B1EA2CDE91A
:109A7000001028A10320FCF783FA0020F5E600007F
:109A8000B15B00086173795F73656E645F746872BF
:109A9000656164007595000874785F63706C5F742D
:109AA00068726561640000009D93000874785F74BB
:109AB000696D6572000000005D8F00087D8E0008F2
:109AC000756172742073656E6420696E7374616E63
:109AD000636520696E6974207375636365737321B0
:109AE0000D0A00001DBB00082E2E5C4D6964646CDD
:109AF0006577617265735C756172745F73656E64BE
:109B00005C7372635C756172745F73656E642E63FF
:109B1000000000004E4F5F544147000070B50446FE
:109B20000D460020064908702A4621460548FAF7E6
:109B3000EDF800BF024800780028FBD070BD00009F
:109B4000C8000020FC0300207CB504460D462A46D0
:109B500021460848FAF7DAF850B107A040F24F1151
:109B60000B4B0CA2CDE900100FA10120FCF708FA65
:109B70007CBD0000FC0300207561727420646D617F
:109B80002073656E6420657272210D0A000000006A
:109B900063BA00082E2E2F436F72652F5372632F06
:109BA00075736172742E63004E4F5F54414700001D
:109BB00070B504460D4604B10DB9012070BD606852
:109BC000007808B90320F9E7216889684869804767
:109BD0002E463046FFF7D1FA206880688169002060
:109BE00088472846F6F751FC0020E7E701460A6956
:109BF000D1E901309860D1E901035860506888428A
:109C000001D188685060002008611068401E106013
:109C10001068704770B5044654B900BF502080F3F7
:109C20001188BFF34F8FBFF36F8F00BF00BFFEE7F8
:109C300000F054F8A56B00F07BF8284670BD0000DA
:109C4000034B0360034B0B608023136070470000DD
:109C5000F00D00204C0E0020034B0360034B0B6003
:109C60004FF48073136070474C100020A810002040
:109C700000F1080141604FF0FF31816000F10801FF
:109C8000C1600161002101607047002101617047DE
:109C900010B502460B685C1C0CB9106907E002F1B4
:109CA000080000E04068446824689C42FAD944688F
:109CB0004C604C68A160886041600A611468641C53
:109CC000146010BD42684A6093688B609368596065
:109CD0009160086103685B1C0360704700BF5020FF
:109CE00080F31188BFF34F8FBFF36F8F00BF0E4813
:109CF0000068401C0C49086008460068012812D121
:109D00000A480068C0B208B9012000E0002050B93C
:109D100000BF502080F31188BFF34F8FBFF36F8FC8
:109D200000BF00BFFEE770478001002004ED00E0A7
:109D30000D48006850B900BF502080F31188BFF370
:109D40004F8FBFF36F8F00BF00BFFEE7064800686C
:109D5000401E054908600846006820B9002080F3CD
:109D6000118800BF00BF70478001002070B5064613
:109D70003546002E44D0083D2C46224960680968CB
:109D8000084008B1012000E0002050B900BF502079
:109D900080F31188BFF34F8FBFF36F8F00BF00BFF9
:109DA000FEE7206808B9012000E0002050B900BF9C
:109DB000502080F31188BFF34F8FBFF36F8F00BF28
:109DC00000BFFEE70F49606809680840C0B120681D
:109DD000B0B90C49606809688843606000F0C4FA53
:109DE0000949606809680844074908602046FEF789
:109DF0009BFC06480068401C0449086001F0F6FB23
:109E000070BD00007C0100206C0100207801002062
:109E100000204FF0E02108618861064800684FF497
:109E20007A71B0FBF1F0401E4FF0E021486107204D
:109E3000086170470801002070B5F6F7D3FA0446B0
:109E4000102C16D304F1E02090F8F0531548007858
:109E5000854201DB012000E0002050B900BF502006
:109E600080F31188BFF34F8FBFF36F8F00BF00BF28
:109E7000FEE70D48006800F4E0600C49096888427C
:109E800001D8012000E0002050B900BF502080F32D
:109E90001188BFF34F8FBFF36F8F00BF00BFFEE786
:109EA00070BD0000840100200CED00E0880100205E
:109EB0002DE9F04106460D46002414E00C4850F808
:109EC000340078B90A4840F8345000EBC4004660CA
:109ED0003046FAF7B7FC07462A4639467120FAF7AA
:109EE00081FA02E0641C082CE8D300BFBDE8F081D1
:109EF000D407002070B50446254655B900BF502050
:109F000080F31188BFF34F8FBFF36F8F00BF00BF87
:109F1000FEE72846FAF796FC064631465F20FAF738
:109F200033FA284600F008F895F8460010B928469C
:109F3000FFF71CFF70BD0000014600200EE0094A3B
:109F400002EBC00252688A4207D10022054B43F857
:109F5000302003EBC0035A6002E0401C0828EED317
:109F600000BF7047D40700202DE9F04105460E469A
:109F700017462C46FFF7B2FE94F94400401C10B976
:109F8000002084F8440094F94500401C10B90020DA
:109F900084F84500FFF7CCFEA06B28B93A4631465D
:109FA00004F1240000F0E0F82046FEF70EFEBDE8C4
:109FB000F081000070B504460025F4B11448006833
:109FC00008B9012000E0002050B900BF502080F304
:109FD0001188BFF34F8FBFF36F8F00BF00BFFEE745
:109FE00000F0C2F921462320FAF7CEF900212046DD
:109FF000FEF7BAF801F0FAFA05463DB94FF0805085
:10A0000004490860BFF34F8FBFF36F8F70BD00002E
:10A010004401002004ED00E070B50546FFF75EFE48
:10A0200015B93248006800E028460446201DFFF7B5
:10A03000DDFDA06A18B104F11800FFF7D7FD2C4828
:10A040000068401C2A49086028480068844214D1EE
:10A05000211D2848FFF736FE27480068401C264986
:10A0600008602046FAF7EEFB064631462220FAF752
:10A070008BF92046FAF724FD14E020480068401EC2
:10A080001E4908602046FAF7DDFB064631462220CD
:10A09000FAF77AF92046FAF713FD2046FEF7C2F9DF
:10A0A000FEF7E4FCFFF744FE15480068E8B10F48EE
:10A0B0000068844219D11348006808B9012000E003
:10A0C000002050B900BF502080F31188BFF34F8F9C
:10A0D000BFF36F8F00BF00BFFEE74FF080500A490B
:10A0E0000860BFF34F8FBFF36F8F70BD0C0100206E
:10A0F00038010020B00C0020180100201C010020B5
:10A10000280100204401002004ED00E00349096813
:10A110000160034909684160704700003401002074
:10A120002001002001200149086070473001002013
:10A1300070B504460D4654B900BF502080F3118815
:10A14000BFF34F8FBFF36F8F00BF00BFFEE705481F
:10A15000016818312046FFF79BFD01212846FEF7D4
:10A1600003F870BD0C01002070B505460E4614467C
:10A1700055B900BF502080F31188BFF34F8FBFF354
:10A180006F8F00BF00BFFEE70848016818312846FE
:10A19000FFF798FD0CB14FF0FF362420FAF708FACC
:10A1A00021463046FDF7E0FF70BD00000C010020A5
:10A1B0002DE9F04706460F4634464FF00109002EC0
:10A1C0005CD0206D50B900BF502080F31188BFF3E0
:10A1D0004F8FBFF36F8F00BF00BFFEE7E06CB84248
:10A1E00001D23D4600E0E56CE06AA84246D0206D11
:10A1F000012843D122480068844201D0012000E0B8
:10A20000002050B900BF502080F31188BFF34F8F5A
:10A21000BFF36F8F00BF00BFFEE731464A20FAF759
:10A22000B3F8D4F82C80E562A06900F0004010B9C2
:10A23000C5F13800A06108EB8801124A02EB8101E8
:10A240006069884201D1012000E00020B0B1201DEA
:10A25000FFF7CCFC2046FAF747F80B49E06A09689B
:10A26000884202D90849E06A0860E16A01EB81018D
:10A27000044A02EB8100211DFFF724FDBDE8F087B1
:10A280000C010020140800202401002010B586B025
:10A2900000200590049003AA04A905A8FFF7D0FCAC
:10A2A0000022DDE904101346CDE90021029026A129
:10A2B0002748039A00F076FF2649086008460068A0
:10A2C00008B1012400E00024012C02D101F02EFA93
:10A2D0000446012C24D100BF502080F31188BFF325
:10A2E0004F8FBFF36F8F00BF4FF0FF301A490860E8
:10A2F00001201A490860002019490860052212A1AE
:10A30000184800683430F6F741FB20B11548006862
:10A31000F9F7B8FF01E0F9F769FF00F087F810E0FE
:10A32000601C08B1012000E0002050B900BF50209F
:10A3300080F31188BFF34F8FBFF36F8F00BF00BF53
:10A34000FEE706B010BD000049444C450000000087
:10A350002D850008400100203C010020280100203C
:10A36000200100200C01002002480068401C014927
:10A37000086070474401002010B52548006818B1F6
:10A3800001202449086042E0002022490860224858
:10A3900001680CE051B900BF502080F31188BFF371
:10A3A0004F8FBFF36F8F00BF00BFFEE7491E01EB69
:10A3B00081001A4A52F8200008B9012000E000206C
:10A3C0000028E7D101EB8102144B03EB82004268C5
:10A3D0005268426000F108024368934202D1426829
:10A3E000526842604268D2680D4B1A600A480160A8
:10A3F00005220CA1184600683430F6F7C7FA20B1E0
:10A4000007480068F9F73EFF01E0F9F7EFFE10BDDD
:10A410004401002030010020240100201408002005
:10A420000C01002049444C45000000001CB5524876
:10A4300000685249884201D0012000E0002050B954
:10A4400000BF502080F31188BFF34F8FBFF36F8F91
:10A4500000BF00BFFEE7484800684849491E8842DF
:10A4600001D0012000E0002050B900BF502080F34F
:10A470001188BFF34F8FBFF36F8F00BF00BFFEE7A0
:10A480003F49084600780190FF200A4610700846B0
:10A49000007800909DF8000000F0F0009DF800208A
:10A4A000904201D1012000E0002050B900BF5020AF
:10A4B00080F31188BFF34F8FBFF36F8F00BF00BFD2
:10A4C000FEE79DF8000000F050002E4A10700720B3
:10A4D0002D4A106009E02C480068401E2A4A10608E
:10A4E0009DF800004006000E00909DF8000000F06E
:10A4F00080008028EFD024480068C0F107000428BD
:10A5000001D1012000E0002050B900BF502080F3AD
:10A510001188BFF34F8FBFF36F8F00BF00BFFEE7FF
:10A52000194800680002184A10601046008800F4BC
:10A53000E0601060124A019810700F4820300068E7
:10A5400040F470000C49203108600846006840F073
:10A5500070400860FFF75CFC00200C490860F5F7CC
:10A5600009FF0B48006840F0404009490860F5F7D2
:10A57000EDFE00201CBD000000ED00E071C20F41A7
:10A5800000E400E084010020880100208001002018
:10A5900034EF00E010B500BF502080F31188BFF306
:10A5A0004F8FBFF36F8F00BF00F07AFE18B14FF0EE
:10A5B00080500449086000BF002080F3118800BF6C
:10A5C00010BD000004ED00E02DE9F0410446012635
:10A5D000002722460021012000F007F80546284602
:10A5E000FDF7B8FF2846BDE8F0812DE9F8430546A0
:10A5F0000E4617460DB1012000E0002050B900BF03
:10A60000502080F31188BFF34F8FBFF36F8F00BFCF
:10A6100000BFFEE705FB06F808F15000FEF714FB4B
:10A62000044664B1A14609F15009002084F84600AF
:10A630003B464A46314628460094FDF79AFF20469D
:10A64000BDE8F8832DE9F84380460E4617461D46BF
:10A65000DDF82090B8F1000F01D0012000E00020CB
:10A6600050B900BF502080F31188BFF34F8FBFF364
:10A670006F8F00BF00BFFEE70DB1012000E000209A
:10A6800050B900BF502080F31188BFF34F8FBFF344
:10A690006F8F00BF00BFFEE707B10EB1012000E0E1
:10A6A000002050B900BF502080F31188BFF34F8FB6
:10A6B000BFF36F8F00BF00BFFEE707B90EB90120DF
:10A6C00000E0002050B900BF502080F31188BFF394
:10A6D0004F8FBFF36F8F00BF00BFFEE75020009089
:10A6E0000098502801D1012000E0002050B900BF9F
:10A6F000502080F31188BFF34F8FBFF36F8F00BFDF
:10A7000000BFFEE700BF2C464CB1012084F8460094
:10A710004B463A46314640460094FDF72AFF204614
:10A72000BDE8F88370B505460E462C4654B900BF07
:10A73000502080F31188BFF34F8FBFF36F8F00BF9E
:10A7400000BFFEE7FFF7CAFAD4E90F12206801FB49
:10A750000200A0600020A06320686060E06B401EE3
:10A76000226C216800FB0211E160FF2084F84400A4
:10A7700084F845009EB9206908B9012000E0002056
:10A78000A8B904F1100000F0E3FE80B14FF0805052
:10A7900009490860BFF34F8FBFF36F8F07E004F1E3
:10A7A0001000FFF765FA04F12400FFF761FAFFF7E4
:10A7B000BFFA012070BD000004ED00E02DE9FF4765
:10A7C00084B006460F461D464FF00009344654B982
:10A7D00000BF502080F31188BFF34F8FBFF36F8FFE
:10A7E00000BF00BFFEE70FB9206C08B9012000E0F0
:10A7F000002050B900BF502080F31188BFF34F8F65
:10A80000BFF36F8F00BF00BFFEE7022D02D1E06BE8
:10A81000012801D1012000E0002050B900BF5020E4
:10A8200080F31188BFF34F8FBFF36F8F00BF00BF5E
:10A83000FEE700F015FD08B9069808B9012000E010
:10A84000002050B900BF502080F31188BFF34F8F14
:10A85000BFF36F8F00BF00BFFEE700BFFFF73EFAF8
:10A86000A06BE16B884201D3022D35D12046F9F768
:10A87000E9FF824600953A4651465A20069BF9F771
:10A880003BFE2A4639462046FDF78DFD8046606A2C
:10A8900008B9012000E0002068B904F1240000F0AC
:10A8A00057FE98B14FF080503E490860BFF34F8F7C
:10A8B000BFF36F8F0AE0B8F1000F07D04FF0805060
:10A8C00038490860BFF34F8FBFF36F8FFFF730FA3F
:10A8D000012008B0BDE8F087069870B9FFF728FAA4
:10A8E0002046F9F7AFFF824600953A4651465A2076
:10A8F000069BF9F701FE0020EBE7B9F1000F04D148
:10A9000002A8FFF703FC4FF00109FFF711FAFFF768
:10A910002BFDFFF7E3F994F94400401C10B9002027
:10A9200084F8440094F94500401C10B9002084F8D4
:10A930004500FFF7FDF906A902A800F0BBFBF8B936
:10A940002046FDF75EFFA8B104F110000699FFF75D
:10A95000EFFB2046FEF739F900F048FE00287FF4AF
:10A960007DAF4FF080500F490860BFF34F8FBFF3AA
:10A970006F8F73E72046FEF728F900F037FE6DE78A
:10A980002046FEF722F900F031FE2046F9F75AFF83
:10A99000824600953A4651465A20069BF9F7ACFD8F
:10A9A000002096E704ED00E02DE9FC5F07468A46AB
:10A9B00090461E463C4654B900BF502080F3118893
:10A9C000BFF34F8FBFF36F8F00BF00BFFEE7BAF139
:10A9D000000F01D1206C08B9012000E0002050B91F
:10A9E00000BF502080F31188BFF34F8FBFF36F8FEC
:10A9F00000BF00BFFEE7022E02D1E06B012801D1AB
:10AA0000012000E0002050B900BF502080F31188E1
:10AA1000BFF34F8FBFF36F8F00BF00BFFEE7FFF79D
:10AA20000BFA00BF5021EFF3118081F31188BFF3BF
:10AA30004F8FBFF36F8F00BF0546A06BE16B88425D
:10AA400001D3022E2ED194F945B0A06B019020467F
:10AA5000F9F7F8FE4246014600906020F9F7C2FC83
:10AA6000324651462046FDF79EFC0BF1010088B9A5
:10AA7000606A08B9012000E0002050B904F1240008
:10AA800000F066FD28B1B8F1000F02D00120C8F82F
:10AA9000000004E00BF1010040B284F845004FF0E3
:10AAA00001090AE02046F9F7CDFE834642465946A1
:10AAB0006020F9F797FC4FF0000900BF85F311887B
:10AAC00000BF4846BDE8FC9F2DE9F05F07460E46F3
:10AAD0003C4654B900BF502080F31188BFF34F8F1C
:10AAE000BFF36F8F00BF00BFFEE7206C08B90120E5
:10AAF00000E0002050B900BF502080F31188BFF360
:10AB00004F8FBFF36F8F00BF00BFFEE7206808B90B
:10AB1000A06808B9012000E0002050B900BF502013
:10AB200080F31188BFF34F8FBFF36F8F00BF00BF5B
:10AB3000FEE7FFF781F900BF5021EFF3118081F3A9
:10AB40001188BFF34F8FBFF36F8F00BF0546D4F856
:10AB50003890E06B484527D994F945A02046F9F78D
:10AB600071FE8346324659466020F9F73BFC09F1F5
:10AB70000100A0630AF1010070B9606A08B9012000
:10AB800000E0002068B904F1240000F0E1FC40B1CD
:10AB90003EB10120306004E00AF1010040B284F8C7
:10ABA00045004FF001080AE02046F9F74BFE8246C7
:10ABB000324651466020F9F715FC4FF0000800BFFF
:10ABC00085F3118800BF4046BDE8F09F2DE9F747A7
:10ABD00083B005460E464FF000082C4654B900BF1E
:10ABE000502080F31188BFF34F8FBFF36F8F00BFEA
:10ABF00000BFFEE70EB9206C08B9012000E000207C
:10AC000050B900BF502080F31188BFF34F8FBFF3BE
:10AC10006F8F00BF00BFFEE700F022FB08B9059868
:10AC200008B9012000E0002050B900BF502080F397
:10AC30001188BFF34F8FBFF36F8F00BF00BFFEE7D8
:10AC400000BFFFF74BF8A76B77B331462046FDF7FF
:10AC500095FB0020F9F7F6FD81462046F9F7F2FD55
:10AC60008246012000904A4651465C20059BF9F738
:10AC700043FC781EA063206908B9012000E0002091
:10AC800060B904F1100000F063FC38B14FF080505F
:10AC90003F490860BFF34F8FBFF36F8FFFF748F84E
:10ACA000012006B0BDE8F087059898B9FFF740F895
:10ACB0000020F9F7C7FD81462046F9F7C3FD82461B
:10ACC000012000904A4651465C20059BF9F714FC90
:10ACD0000020E6E7B8F1000F04D101A8FFF716FA4B
:10ACE0004FF00108FFF724F8FFF73EFBFEF7F6FFF1
:10ACF00094F94400401C10B9002084F8440094F9F1
:10AD00004500401C10B9002084F84500FFF710F8FA
:10AD100005A901A800F0CEF9F0B92046FDF764FDC1
:10AD2000A0B104F124000599FFF702FA2046FDF7CF
:10AD30004CFF00F05BFC002883D14FF08050144999
:10AD40000860BFF34F8FBFF36F8F7AE72046FDF7A0
:10AD50003CFF00F04BFC74E72046FDF736FF00F0A7
:10AD600045FC2046FDF740FD0028EED00020F9F715
:10AD700069FD07462046F9F765FD814601200090F0
:10AD80003A4649465C20059BF9F7B6FB002088E768
:10AD900004ED00E02DE9FC5F0746884616463C4678
:10ADA00054B900BF502080F31188BFF34F8FBFF319
:10ADB0006F8F00BF00BFFEE7B8F1000F01D1206C1C
:10ADC00008B9012000E0002050B900BF502080F3F6
:10ADD0001188BFF34F8FBFF36F8F00BF00BFFEE737
:10ADE000FFF72AF800BF5021EFF3118081F311889B
:10ADF000BFF34F8FBFF36F8F00BF0546D4F838A065
:10AE0000BAF1000F30D094F944B04046F9F71AFD7A
:10AE100001902046F9F716FD334600900146622066
:10AE2000019AF9F71DFB41462046FDF7A7FAAAF162
:10AE30000100A0630BF1010070B9206908B901207D
:10AE400000E0002068B904F1100000F081FB40B17F
:10AE50003EB10120306004E00BF1010040B284F803
:10AE600044004FF001090FE04FF000094046F9F7A8
:10AE7000E9FC83462046F9F7E5FC33465A4601468D
:10AE800001906220F9F7ECFA00BF85F3118800BF4A
:10AE90004846BDE8FC9F00002DE9F34784B0054615
:10AEA0004FF000082C46002654B900BF502080F314
:10AEB0001188BFF34F8FBFF36F8F00BF00BFFEE756
:10AEC000206C08B9012000E0002050B900BF5020DC
:10AED00080F31188BFF34F8FBFF36F8F00BF00BFA8
:10AEE000FEE700F0BDF908B9059808B9012000E0B7
:10AEF000002050B900BF502080F31188BFF34F8F5E
:10AF0000BFF36F8F00BF00BFFEE700BFFEF7E6FE96
:10AF1000A76B7FB30020F9F795FC81462046F9F72F
:10AF200091FC8246012000904A4651465C20059BD8
:10AF3000F9F7E2FA781EA063206810B9FDF72AFF3E
:10AF4000A060206908B9012000E0002060B904F188
:10AF5000100000F0FDFA38B14FF0805054490860FD
:10AF6000BFF34F8FBFF36F8FFEF7E2FE012006B0F5
:10AF7000BDE8F087FFE7059818BB0EB9012000E097
:10AF8000002050B900BF502080F31188BFF34F8FCD
:10AF9000BFF36F8F00BF00BFFEE7FEF7C9FE0020C2
:10AFA000F9F750FC81462046F9F74CFC8246012017
:10AFB00000904A4651465C20059BF9F79DFA002017
:10AFC000D5E7B8F1000F04D102A8FFF79FF84FF0C2
:10AFD0000108FEF7ADFEFFF7C7F9FEF77FFE94F913
:10AFE0004400401C10B9002084F8440094F9450046
:10AFF000401C10B9002084F84500FEF799FE05A911
:10B0000002A800F057F848BB2046FDF7EDFBF8B169
:10B01000206838B9FEF762FEA06800F041FA0646E3
:10B02000FEF786FE04F124000599FFF781F820461B
:10B03000FDF7CBFD00F0DAFA00287FF467AF4FF0A0
:10B0400080501B490860BFF34F8FBFF36F8F5DE7E0
:10B050002046FDF7BAFD00F0C9FA57E72046FDF794
:10B06000B4FD00F0C3FA2046FDF7BEFB0028EED089
:10B070005EB1FEF733FE2046FDF7FCF90746394680
:10B08000A068FFF795F8FEF753FE0020F9F7DAFB0A
:10B0900007462046F9F7D6FB8146012000903A4644
:10B0A00049465C20059BF9F727FA00205FE700007E
:10B0B00004ED00E070B505460C4655B900BF5020C0
:10B0C00080F31188BFF34F8FBFF36F8F00BF00BFB6
:10B0D000FEE754B900BF502080F31188BFF34F8FB3
:10B0E000BFF36F8F00BF00BFFEE7FEF7F7FD12480A
:10B0F00002686868131A2068401C08B9002617E027
:10B100000E4928680968884204D06868904201D8CE
:10B1100001260DE02068984207D92068C01A2060F7
:10B120002846FEF7F3FF002602E0002020600126FB
:10B13000FEF7FEFD304670BD2001002034010020E6
:10B140002DE9FF4F85B0804689461746DDE912ABF1
:10B15000B800FDF779FD064656B15C20FDF774FD99
:10B1600004460CB1266304E03046FEF7FFFD00E024
:10B1700000248CB1002084F85900CDE900ABCDE962
:10B1800002403A4649464046089BFDF70DFA2046E4
:10B19000FDF728F8012501E04FF0FF35284609B0FA
:10B1A000BDE8F08F2DE9F04F85B0074688469146FF
:10B1B0009A46DDE90EB6109C0EB1012000E0002099
:10B1C00050B900BF502080F31188BFF34F8FBFF3F9
:10B1D0006F8F00BF00BFFEE70CB1012000E0002030
:10B1E00050B900BF502080F31188BFF34F8FBFF3D9
:10B1F0006F8F00BF00BFFEE75C20039003985C28C0
:10B2000001D1012000E0002050B900BF502080F3A0
:10B210001188BFF34F8FBFF36F8F00BF00BFFEE7F2
:10B2200000BFB4B1AEB125462C462E63022085F88E
:10B230005900002004A953464A46CDE900B1CDE9A2
:10B24000025041463846FDF7AFF92846FCF7CAFFE1
:10B2500001E000200490049805B0BDE8F08F0000E4
:10B260000549096809B9012005E00449096809B9D7
:10B27000022000E000207047280100204401002047
:10B2800001490868704700002001002070B5FEF7F2
:10B29000D3FD002501480468204670BD2001002030
:10B2A0002DE9F0414FF000084548006800287ED1A4
:10B2B00044480068451C4348056015BB4248006887
:10B2C000006808B9012000E0002050B900BF5020FC
:10B2D00080F31188BFF34F8FBFF36F8F00BF00BFA4
:10B2E000FEE7394807683948006837490860374839
:10B2F000076037480068401C35490860FDF7B6FB19
:10B3000000BF3448006885423ED300BF2E48006825
:10B31000006808B9012000E0002020B14FF0FF30A4
:10B320002C4908602FE028480068C068C468666837
:10B33000B54202D22748066025E0201DFEF756FCE4
:10B34000A06A18B104F11800FEF750FC2046F8F787
:10B35000CBFF2149E06A0968884202D91E49E06AA8
:10B360000860E16A01EB81011C4A02EB8100211DAA
:10B37000FEF7A8FC1A49E06A0968C96A8842C5D381
:10B380004FF00108C2E700BF15480068C06A00EB33
:10B390008000124951F82000012801D94FF001081E
:10B3A0001048006808B14FF0010805E0FFE70E48BB
:10B3B0000068401C0C4908604046BDE8F081000070
:10B3C0004401002020010020100100201401002071
:10B3D000340100203C01002024010020140800203A
:10B3E0000C010020300100202C01002070B5054622
:10B3F0002C460026002D4AD026480068844201D100
:10B40000012000E0002050B900BF502080F31188D7
:10B41000BFF34F8FBFF36F8F00BF00BFFEE7206DFC
:10B4200050B900BF502080F31188BFF34F8FBFF396
:10B430006F8F00BF00BFFEE7206D401E2065E16CEE
:10B44000E06A884223D0206D08BB201DFEF7CEFBAA
:10B4500029464A20F8F798FFE06CE062E06AC0F104
:10B460003800A0612046F8F73FFF0B49E06A096801
:10B47000884202D90849E06A0860E16A01EB81016B
:10B48000064A02EB8100211DFEF71CFC0126304616
:10B4900070BD00000C0100202401002014080020D1
:10B4A00070B505462C460026002D49D02549E06A96
:10B4B0000968C96A88423CD2A06900F0004028B9F6
:10B4C00020480068C06AC0F13800A061E16A01EB61
:10B4D00081011D4A02EB81016069884201D101208E
:10B4E00000E00020D8B1201DFEF780FB1548006861
:10B4F000C06AE0622046F8F7F7FE1449E06A09687E
:10B50000884202D91149E06A0860E16A01EB8101D1
:10B510000D4A02EB8100211DFEF7D4FB03E0094830
:10B520000068C06AE06229464920F8F72DFF01262D
:10B5300006E00449E06C0968C96A884200D2012625
:10B54000304670BD0C0100201408002024010020AA
:10B5500070B50646F068C46854B900BF502080F347
:10B560001188BFF34F8FBFF36F8F00BF00BFFEE79F
:10B5700004F11800FEF73AFB16480068B8B9201D20
:10B58000FEF734FB2046F8F7AFFE1349E06A09687E
:10B59000884202D91049E06A0860E16A01EB810142
:10B5A0000E4A02EB8100211DFEF78CFB04E004F142
:10B5B00018010B48FEF786FB0A49E06A0968C96A68
:10B5C000884204D9012501200749086000E00025D0
:10B5D000284670BD440100202401002014080020EA
:10B5E0009C0C00200C0100203001002070B50024CC
:10B5F00000263748006850B900BF502080F31188FA
:10B60000BFF34F8FBFF36F8F00BF00BFFEE7FEF7A2
:10B6100065FB2F480068401E2D49086008460068F9
:10B62000002851D12B48006800284DD026E02A4838
:10B63000C068C46804F11800FEF7D8FA201DFEF7B0
:10B64000D5FA2046F8F750FE2449E06A0968884296
:10B6500002D92249E06A0860E16A01EB8101204ACF
:10B6600002EB8100211DFEF72DFB1E49E06A0968EF
:10B67000C96A884202D301201B4908601648006845
:10B6800008B9012000E000200028D0D00CB1FDF75F
:10B69000EDF91648056865B100BFFFF701FE10B16E
:10B6A0000120114908606D1E002DF6D100200F49C0
:10B6B00008600D48006838B1012630070C49086061
:10B6C000BFF34F8FBFF36F8FFEF732FB304670BD75
:10B6D000440100201C0100209C0C002024010020BB
:10B6E000140800200C010020300100202C01002053
:10B6F00004ED00E02DE9FC4705460E461746984646
:10B70000DDF828902C20FDF79FFA044654B1002064
:10B7100084F8280043463A4631462846CDE900944D
:10B72000FCF7A1FF2046BDE8FC87000010B586B0FD
:10B730000024FCF7C5FD16480068D0B10020059034
:10B74000049003AA04A905A8FEF786FA1422DDE9ED
:10B7500004100023CDE9002102900EA10F48039AA6
:10B76000FFF720FD0E4908600846006800B101247B
:10B7700000BF54B900BF502080F31188BFF34F8F32
:10B78000BFF36F8F00BF00BFFEE7204606B010BDBD
:10B7900050010020546D722053766300B18B000875
:10B7A000540100202DE9FF4704460D4616461F466A
:10B7B000DDF830804FF0000954B900BF502080F30D
:10B7C0001188BFF34F8FBFF36F8F00BF00BFFEE73D
:10B7D0001448006810B3009501960294062D15DAFE
:10B7E000FFF73EFD022808D10023424669460D4876
:10B7F0000068FEF7E3FF814610E000231A46694621
:10B8000008480068FEF7DAFF814607E000233A4661
:10B81000694604480068FFF7C7F88146484604B007
:10B82000BDE8F0875001002010B500290AD0087843
:10B83000002807D005487844F6F7ACF9002801D075
:10B84000002010BD0248784410BD00001E06000014
:10B850001606000010B500290AD00878002807D085
:10B8600005487844F6F796F9002801D0002010BD6D
:10B870000248784410BD00000E06000006060000D5
:10B880004FF04070E1EE100A7047F5F757BDF5F73D
:10B890008BBE000090BD000800000000000000000A
:10B8A000000000000000000000020000180000007E
:10B8B00000000000000000007CBD00080000000047
:10B8C0000000000000000000000000000002000076
:10B8D0000B000000000000000000000054BD000844
:10B8E0000000000000000000000000000000000058
:10B8F000000200000D000000000000000000000039
:10B9000068BD00080000000000000000000000000A
:10B9100000000000000200000A000000000000001B
:10B9200000000000537461727444656661756C7444
:10B930005461736B0000000007000000000000006D
:10B94000A16A00086973725F74785F63706C5F63EB
:10B9500062007468726561645F74785F63706C5FC5
:10B96000636200746573745F7461736B310000000F
:10B970009C000020000000009C000020C97100080D
:10B980000000000039930008746573745F7461737C
:10B990006B3200746573745F7461736B330066752A
:10B9A0006E636F64655F63620066756E636F646586
:10B9B0005F636230370066756E636F64655F6362F4
:10B9C00030380066756E636F64655F636230610076
:10B9D00066756E636F64655F636230620066756E84
:10B9E000636F64655F636230630066756E636F6486
:10B9F000655F636230640066756E636F64655F6384
:10BA00006230650066756E636F64655F63623066A1
:10BA10000066756E636F64655F63623130006675E2
:10BA20006E636F64655F636231310066756E636F6C
:10BA300064655F636231320066756E636F64655F73
:10BA400063623133006D6F646275735F637263317B
:10BA500036006D795F70617273655F66756E636FD6
:10BA6000646500756172745F77726974655F646D97
:10BA7000610000061016000610160000000000000D
:10BA8000000001020304060708090000000001028B
:10BA9000030470617273655F66756E6374696F6EBF
:10BAA0005F636F64655F6D6F64650070617273657D
:10BAB0005F74687265616400756172745F70726F43
:10BAC000746F5F696E7374006E6F746966795F6915
:10BAD00073725F636200636865636B5F74785F6253
:10BAE0007573790073656E645F73796E0073656E4C
:10BAF000645F617379006173795F73656E645F740D
:10BB000068726561640074785F63706C5F746872FA
:10BB10006561640074696D65725F6362007561726E
:10BB2000745F74785F696E73740074785F63706CAF
:10BB30005F6973725F636200000000000000000034
:10BB400000003031323334353637383941424344DE
:10BB50004546656C6F675F737461727400656C6FE6
:10BB6000675F73746F7000656C6F675F7365745F98
:10BB70006F75747075745F656E61626C6564006585
:10BB80006C6F675F7365745F746578745F636F6C07
:10BB90006F725F656E61626C656400656C6F675F94
:10BBA0007365745F666D7400656C6F675F73657451
:10BBB0005F66696C74657200656C6F675F7365744E
:10BBC0005F66696C7465725F6C766C00656C6F673C
:10BBD0005F7365745F66696C7465725F7461675FDB
:10BBE0006C766C00656C6F675F6765745F66696C27
:10BBF0007465725F7461675F6C766C00656C6F670B
:10BC00005F6F7574707574006765745F666D745FDF
:10BC1000656E61626C656400656C6F675F66696E16
:10BC2000645F6C766C00656C6F675F66696E645FFD
:10BC300074616700656C6F675F737472637079001D
:10BC4000656C6F675F6370796C6E00656C6F675FC2
:10BC50006D656D6370790030313233343536373885
:10BC60003941424344454640305800303132333444
:10BC70003536373839616263646566403078000470
:10BC80000000080000000000000002000100001099
:10BC90000000000000000000303132333435363708
:10BCA00038396162636465667870003031323334EC
:10BCB0003536373839414243444546585000000034
:10BCC00002400000000000A000000000054000004D
:10BCD000000000C8000000000C4000000000409C74
:10BCE00000000000194000000020BCBE0000000061
:10BCF00034400000BFC91B8E00000004B5400000A6
:10BD0000504BCFD06607E2CF010000006C4100002D
:10BD10003E8251AADFEEA73401000000D9420000A4
:10BD2000DCB5A0E23A301F97FFFFFFFFB4450000EB
:10BD3000FD25A0C8E9A3C14FFFFFFFFFFF3F0000A3
:10BD40000000008000000000FF3F000000000080B5
:10BD500000000000746573745F7461736B325F6818
:10BD6000616E646C65000000746573745F74617368
:10BD70006B335F68616E646C65000000746573749A
:10BD80005F7461736B5F68616E646C6500000000D6
:10BD900064656661756C745461736B0053595354D8
:10BDA000454D564945573A20436F756C64206E6F78
:10BDB00074207265636F7264207461736B20696EA6
:10BDC000666F726D6174696F6E2E204D6178696D5A
:10BDD000756D206E756D626572206F66207461737B
:10BDE0006B7320726561636865642E00412F0000EB
:10BDF000442F0000452F0000492F0000562F00005F
:10BE0000572F000033313B316D00000033363B319A
:10BE10006D00000033323B32326D000033333B3271
:10BE2000326D000033343B32326D000033353B322B
:10BE3000326D000080BF000800000020DC0100001F
:10BE4000D401000838C00008DC0100208C980000F4
:10BE5000300200081C00000043000000F8FFFFFF54
:10BE60000C0000000E0000000F0000002E0000007B
:10BE70001001000043000000F8FFFFFF00404040B9
:10BE800040404040404041414141414040404040AD
:10BE90004040404040404040404040404005020259
:10BEA0000202020202020202020202020220202018
:10BEB0002020202020202002020202020202909074
:10BEC0009090909010101010101010101010101072
:10BED00010101010101010100202020202028888C6
:10BEE00088888888080808080808080808080808D2
:10BEF00008080808080808080202020240000000BA
:10BF00000000000000000000000000000000000031
:10BF10000000000000000000000000000000000021
:10BF20000000000000000000000000000000000011
:10BF30000000000000000000000000000000000001
:10BF400000000000000000000000000000000000F1
:10BF500000000000000000000000000000000000E1
:10BF600000000000000000000000000000000000D1
:10BF700000000000000000000000000000000000C1
:10BF800013DD722308CC32201420F97E1408577F69
:10BF90001B0865081A9D041A81041A11041A190451
:10BFA0001A04201AD4044A0C2C5169301AB9081A00
:10BFB000C9041AD5041AE5040912401A63281AABF9
:10BFC000041ABF041A25101A35041A41041A510420
:10BFD0001AE8541AF0049A3C5C0134134C053320DF
:10BFE000401319961B0815041B1D9B8C1270140816
:10BFF000E1901B088C1C1122021A13181A11041A42
:10C00000491C4132104201037524F41AAA0101248B
:10C0100013ECBD1B08F4041112BE1B08F8081AF03B
:10C02000041AFC041A2C101A04041A1C041A0C0416
:08C030001A14041A2404410053
:040000050800019955
:00000001FF
